"","method","t_r","I","L","e_r","r_lo_95","r_up_95","trial_noise_c1_0","trial_noise_c1_1","bsd_c1_0","bsd_c1_1","varX","trial_noise"
"1","Sample correlation",0,100,1000,-0.0170098252335205,-0.212717246542583,0.180009711709532,0.500764885910113,0.500173711377195,0.0298678743002641,0.0321547153642484,1.04373367104487,NA
"2","Sample correlation",0.25,100,1000,0.240867744502035,0.0466570066146103,0.417532089598463,0.499512268810542,0.502486208630754,0.0295942969906997,0.0312280862073677,1.04373367104487,NA
"3","Sample correlation",0.5,100,1000,0.329396794245892,0.142177488755328,0.49386227078096,0.501034184181954,0.500228041549291,0.02872735638457,0.0286921112246465,1.04373367104487,NA
"4","Sample correlation",0.75,100,1000,0.573735097636344,0.425237872661068,0.692153118310024,0.499687777815374,0.500643740571966,0.0295835699257569,0.029274551510931,1.04373367104487,NA
"5","Sample correlation",1,100,1000,0.715819539297796,0.604376747963035,0.799787581761455,0.499538962992222,0.500078887429759,0.02805098678163,0.0274299577250819,1.04373367104487,NA
"6","Analytic correction",0,100,1000,-0.0227118448199254,-0.284028808209871,0.24035714324351,NA,NA,0.0298678743002641,0.0321547153642484,1.04373367104487,NA
"7","Analytic correction",0.25,100,1000,0.325882274825374,0.0631197107193263,0.564904576123388,NA,NA,0.0295942969906997,0.0312280862073677,1.04373367104487,NA
"8","Analytic correction",0.5,100,1000,0.465002240061086,0.200703789038295,0.697178454367252,NA,NA,0.02872735638457,0.0286921112246465,1.04373367104487,NA
"9","Analytic correction",0.75,100,1000,0.793616475514694,0.588204217964616,0.957420301298428,NA,NA,0.0295835699257569,0.029274551510931,1.04373367104487,NA
"10","Analytic correction",1,100,1000,1,0.877808715643609,1,NA,NA,0.02805098678163,0.0274299577250819,1.04373367104487,NA
"11","Bayesian hierarchical",0,100,1000,-0.01591236697016,-0.271124775,0.2423777,NA,NA,0.0259,0.0287,1.04373367104487,0.5
"12","Bayesian hierarchical",0.25,100,1000,0.30585033906225,0.0524728625,0.533858875,NA,NA,0.0256,0.0276,1.04373367104487,0.5
"13","Bayesian hierarchical",0.5,100,1000,0.45506945983,0.19338005,0.676886775,NA,NA,0.0245,0.0245,1.04373367104487,0.5
"14","Bayesian hierarchical",0.75,100,1000,0.778815276,0.594922375,0.9208717,NA,NA,0.0256,0.0252,1.04373367104487,0.5
"15","Bayesian hierarchical",1,100,1000,0.95467710825,0.8515053,0.998859025,NA,NA,0.024,0.0233,1.04373367104487,0.5
"16","Bayesian BLUP",0,100,1000,-0.0257342251754128,-0.22103508387688,0.171551025999966,NA,NA,0.0218,0.0247,1.04373367104487,0.5
"17","Bayesian BLUP",0.25,100,1000,0.395700068732246,0.216075949156977,0.549416103906534,NA,NA,0.0216,0.0237,1.04373367104487,0.5
"18","Bayesian BLUP",0.5,100,1000,0.57795697280798,0.430398182150812,0.695429127074134,NA,NA,0.0205,0.0205,1.04373367104487,0.5
"19","Bayesian BLUP",0.75,100,1000,0.901770734327041,0.857179831616205,0.932942280662644,NA,NA,0.0222,0.0218,1.04373367104487,0.5
"20","Bayesian BLUP",1,100,1000,0.995861681998962,0.993844864353394,0.997218582560032,NA,NA,0.0213,0.0207,1.04373367104487,0.5
