"model","prior_sd","Parameter","Effects","Component","BF","test"
"m01",0.01,"b_freq:reading","fixed","conditional",2.95317788795162,"one-sided"
"m05",0.05,"b_freq:reading","fixed","conditional",0.646574788520372,"one-sided"
"m1",0.1,"b_freq:reading","fixed","conditional",0.332510972601667,"one-sided"
"m01",0.01,"b_freq:reading","fixed","conditional",1.63828889028248,"two-sided"
"m05",0.05,"b_freq:reading","fixed","conditional",0.333919961614492,"two-sided"
"m1",0.1,"b_freq:reading","fixed","conditional",0.172872342332116,"two-sided"
"m01",0.01,"b_len:reading","fixed","conditional",3.85148946303862,"one-sided"
"m05",0.05,"b_len:reading","fixed","conditional",1.43328833288989,"one-sided"
"m1",0.1,"b_len:reading","fixed","conditional",0.622189424763622,"one-sided"
"m01",0.01,"b_len:reading","fixed","conditional",2.14758910103337,"two-sided"
"m05",0.05,"b_len:reading","fixed","conditional",0.758096268687495,"two-sided"
"m1",0.1,"b_len:reading","fixed","conditional",0.32197205458337,"two-sided"
"m01",0.01,"b_prev_freq:reading","fixed","conditional",19.7533337551836,"one-sided"
"m05",0.05,"b_prev_freq:reading","fixed","conditional",4.37912456045736,"one-sided"
"m1",0.1,"b_prev_freq:reading","fixed","conditional",2.27476134997985,"one-sided"
"m01",0.01,"b_prev_freq:reading","fixed","conditional",10.2049573176134,"two-sided"
"m05",0.05,"b_prev_freq:reading","fixed","conditional",2.15744700269932,"two-sided"
"m1",0.1,"b_prev_freq:reading","fixed","conditional",1.14675089244392,"two-sided"
"m01",0.01,"b_prev_len:reading","fixed","conditional",1.06375643212019,"one-sided"
"m05",0.05,"b_prev_len:reading","fixed","conditional",0.252491652422883,"one-sided"
"m1",0.1,"b_prev_len:reading","fixed","conditional",0.119007779233379,"one-sided"
"m01",0.01,"b_prev_len:reading","fixed","conditional",0.594125784555203,"two-sided"
"m05",0.05,"b_prev_len:reading","fixed","conditional",0.134289550885237,"two-sided"
"m1",0.1,"b_prev_len:reading","fixed","conditional",0.0657800278027906,"two-sided"
"m01",0.01,"b_prev_surp:reading","fixed","conditional",5.16091570131819,"one-sided"
"m05",0.05,"b_prev_surp:reading","fixed","conditional",1.1555229512173,"one-sided"
"m1",0.1,"b_prev_surp:reading","fixed","conditional",0.587225030939453,"one-sided"
"m01",0.01,"b_prev_surp:reading","fixed","conditional",2.66106566877883,"two-sided"
"m05",0.05,"b_prev_surp:reading","fixed","conditional",0.558557982306086,"two-sided"
"m1",0.1,"b_prev_surp:reading","fixed","conditional",0.299173548813351,"two-sided"
"m01",0.01,"b_surp:reading","fixed","conditional",3.05824000575978,"one-sided"
"m05",0.05,"b_surp:reading","fixed","conditional",0.544071860356482,"one-sided"
"m1",0.1,"b_surp:reading","fixed","conditional",0.290374377535126,"one-sided"
"m01",0.01,"b_surp:reading","fixed","conditional",1.55671045454468,"two-sided"
"m05",0.05,"b_surp:reading","fixed","conditional",0.283998147914338,"two-sided"
"m1",0.1,"b_surp:reading","fixed","conditional",0.149548984856401,"two-sided"
