mode,measures,Contrast,r,p,sig,label,x_pos,y_pos,hjust_val,vjust_val
InDiCo,Skip Rate,c1,0.4272891998212591,3.5823842288862883e-7,***,r = 0.43 ***,-Inf,Inf,-0.1,1.5
InDiCo,Skip Rate,c2,0.4821359714550643,5.5142893527961635e-9,***,r = 0.48 ***,Inf,-Inf,1.1,-0.5
InDiCo,Regression Rate,c1,-0.1256121033463703,0.15283585970618951,,r = -0.13 ,-Inf,Inf,-0.1,1.5
InDiCo,Regression Rate,c2,-0.03192479150333339,0.71736231853111,,r = -0.03 ,Inf,-Inf,1.1,-0.5
PoTeC,Skip Rate,c1,0.4843937797982212,1.0654488756288827e-5,***,r = 0.48 ***,-Inf,Inf,-0.1,1.5
PoTeC,Skip Rate,c2,0.4120668557089314,2.3944096628237635e-4,***,r = 0.41 ***,Inf,-Inf,1.1,-0.5
PoTeC,Regression Rate,c1,-0.25423950652469324,0.027728799287568884,*,r = -0.25 *,-Inf,Inf,-0.1,1.5
PoTeC,Regression Rate,c2,-0.25231772302345723,0.028969475203000392,*,r = -0.25 *,Inf,-Inf,1.1,-0.5
OneStop,Skip Rate,c1,0.3087432578509565,2.4773623930443347e-5,***,r = 0.31 ***,-Inf,Inf,-0.1,1.5
OneStop,Skip Rate,c2,0.14511274085302248,0.05194024462292722,,r = 0.15 ,Inf,-Inf,1.1,-0.5
OneStop,Regression Rate,c1,-0.2407476791976576,0.0011319935270991143,**,r = -0.24 **,-Inf,Inf,-0.1,1.5
OneStop,Regression Rate,c2,0.033979434539857495,0.6506662975825263,,r = 0.03 ,Inf,-Inf,1.1,-0.5
GECO-NL,Skip Rate,c1,-0.2276190495488805,0.36367621595324906,,r = -0.23 ,-Inf,Inf,-0.1,1.5
GECO-NL,Skip Rate,c2,0.5114837446596195,0.025195339629404397,*,r = 0.51 *,Inf,-Inf,1.1,-0.5
GECO-NL,Regression Rate,c1,0.3454537664396091,0.16029291936207576,,r = 0.35 ,-Inf,Inf,-0.1,1.5
GECO-NL,Regression Rate,c2,-0.4385513611235575,0.06034476074606233,,r = -0.44 ,Inf,-Inf,1.1,-0.5
GECO-ZH,Skip Rate,c1,-0.5420151052359221,0.0019757745189163925,**,r = -0.54 **,-Inf,Inf,-0.1,1.5
GECO-ZH,Skip Rate,c2,0.6485463606874184,1.0615895159070751e-4,***,r = 0.65 ***,Inf,-Inf,1.1,-0.5
GECO-ZH,Regression Rate,c1,0.3007652535734613,0.10630933387549223,,r = 0.3 ,-Inf,Inf,-0.1,1.5
GECO-ZH,Regression Rate,c2,0.12486606283596592,0.5108984276336137,,r = 0.12 ,Inf,-Inf,1.1,-0.5
HKC,Skip Rate,c1,0.26888591974613624,1.3854860253011643e-4,***,r = 0.27 ***,-Inf,Inf,-0.1,1.5
HKC,Skip Rate,c2,0.12710303568823053,0.07585370124446554,,r = 0.13 ,Inf,-Inf,1.1,-0.5
HKC,Regression Rate,c1,-0.009936642055289248,0.8900613444804473,,r = -0.01 ,-Inf,Inf,-0.1,1.5
HKC,Regression Rate,c2,0.07224590434078225,0.3142766886210392,,r = 0.07 ,Inf,-Inf,1.1,-0.5
