mode,effect,measures,Contrast,rho_mean,rho_lower,rho_upper,annotation,x_pos,y_pos,hjust_val,vjust_val
InDiCo,Word Length,Skip Rate,c1,-0.6538133910996070,-0.802867605057804,-0.45104193614829500,"hat(rho) == -0.65*""[""*-0.80*"","" ~ -0.45*""]""",-Inf,Inf,-0.05,1.1
InDiCo,Word Length,Skip Rate,c2,-0.7120286299948640,-0.8409282420267150,-0.5388764349585370,"hat(rho) == -0.71*""[""*-0.84*"","" ~ -0.54*""]""",Inf,-Inf,1.05,-0.1
InDiCo,Lexical Frequency,Skip Rate,c1,0.6093184697653670,0.3925470747255610,0.7755160616838800,"hat(rho) == 0.61*""[""*0.39*"","" ~ 0.78*""]""",-Inf,Inf,-0.05,1.1
InDiCo,Lexical Frequency,Skip Rate,c2,0.5829517223419860,0.34849859919634500,0.756849787756128,"hat(rho) == 0.58*""[""*0.35*"","" ~ 0.76*""]""",Inf,-Inf,1.05,-0.1
InDiCo,Surprisal,Skip Rate,c1,-0.040400625783430100,-0.3817407227038100,0.3183179314308460,"hat(rho) == -0.04*""[""*-0.38*"","" ~ 0.32*""]""",-Inf,Inf,-0.05,1.1
InDiCo,Surprisal,Skip Rate,c2,0.7594162640957990,0.6056980280737820,0.8736288579464850,"hat(rho) == 0.76*""[""*0.61*"","" ~ 0.87*""]""",Inf,-Inf,1.05,-0.1
InDiCo,Word Length,Regression Rate,c1,0.46078009541642700,0.18842828409332900,0.6807026958022390,"hat(rho) == 0.46*""[""*0.19*"","" ~ 0.68*""]""",-Inf,Inf,-0.05,1.1
InDiCo,Word Length,Regression Rate,c2,0.31047823286463700,-0.007967846799979750,0.5752073829173810,"hat(rho) == 0.31*""[""*-0.01*"","" ~ 0.58*""]""",Inf,-Inf,1.05,-0.1
InDiCo,Lexical Frequency,Regression Rate,c1,-0.30589419204855600,-0.5854688361081340,0.02306515005477850,"hat(rho) == -0.31*""[""*-0.59*"","" ~ 0.02*""]""",-Inf,Inf,-0.05,1.1
InDiCo,Lexical Frequency,Regression Rate,c2,-0.17905861853978500,-0.48651834738577500,0.16418302347165400,"hat(rho) == -0.18*""[""*-0.49*"","" ~ 0.16*""]""",Inf,-Inf,1.05,-0.1
InDiCo,Surprisal,Regression Rate,c1,-0.3161463039222140,-0.6023859453914420,0.026493335218381200,"hat(rho) == -0.32*""[""*-0.60*"","" ~ 0.03*""]""",-Inf,Inf,-0.05,1.1
InDiCo,Surprisal,Regression Rate,c2,-0.20109848615991200,-0.515988743660572,0.16860185625241400,"hat(rho) == -0.20*""[""*-0.52*"","" ~ 0.17*""]""",Inf,-Inf,1.05,-0.1
InDiCo,Word Length,Local Effect,c1,0.21141209551864600,-0.03256610559703440,0.44104487520551200,"hat(rho) == 0.21*""[""*-0.03*"","" ~ 0.44*""]""",-Inf,Inf,-0.05,1.1
InDiCo,Word Length,Local Effect,c2,0.2024416756797210,-0.04953931722911330,0.4367263546273180,"hat(rho) == 0.20*""[""*-0.05*"","" ~ 0.44*""]""",Inf,-Inf,1.05,-0.1
InDiCo,Lexical Frequency,Local Effect,c1,-0.020656194466541300,-0.36656332516995300,0.3150970888885410,"hat(rho) == -0.02*""[""*-0.37*"","" ~ 0.32*""]""",-Inf,Inf,-0.05,1.1
InDiCo,Lexical Frequency,Local Effect,c2,-0.011971411746550800,-0.36425718404317600,0.3264063957274300,"hat(rho) == -0.01*""[""*-0.36*"","" ~ 0.33*""]""",Inf,-Inf,1.05,-0.1
InDiCo,Surprisal,Local Effect,c1,0.0534534145588859,-0.41691695125049600,0.5103781329056760,"hat(rho) == 0.05*""[""*-0.42*"","" ~ 0.51*""]""",-Inf,Inf,-0.05,1.1
InDiCo,Surprisal,Local Effect,c2,-0.058091839625902000,-0.5463813618336730,0.43972141858011600,"hat(rho) == -0.06*""[""*-0.55*"","" ~ 0.44*""]""",Inf,-Inf,1.05,-0.1
PoTeC,Word Length,Skip Rate,c1,-0.4195372231978910,-0.6280698886501270,-0.16979972787877400,"hat(rho) == -0.42*""[""*-0.63*"","" ~ -0.17*""]""",-Inf,Inf,-0.05,1.1
PoTeC,Word Length,Skip Rate,c2,-0.4979214805901120,-0.6855380464994800,-0.2590270442005080,"hat(rho) == -0.50*""[""*-0.69*"","" ~ -0.26*""]""",Inf,-Inf,1.05,-0.1
PoTeC,Lexical Frequency,Skip Rate,c1,0.5679729528334700,0.3578397641359100,0.7324428805186400,"hat(rho) == 0.57*""[""*0.36*"","" ~ 0.73*""]""",-Inf,Inf,-0.05,1.1
PoTeC,Lexical Frequency,Skip Rate,c2,0.47810696560311900,0.2419485529365620,0.6661582224101880,"hat(rho) == 0.48*""[""*0.24*"","" ~ 0.67*""]""",Inf,-Inf,1.05,-0.1
PoTeC,Surprisal,Skip Rate,c1,0.4596976236931620,0.20685800762405300,0.6693753530096720,"hat(rho) == 0.46*""[""*0.21*"","" ~ 0.67*""]""",-Inf,Inf,-0.05,1.1
PoTeC,Surprisal,Skip Rate,c2,0.1276308370871070,-0.1817682562600900,0.42319211523074900,"hat(rho) == 0.13*""[""*-0.18*"","" ~ 0.42*""]""",Inf,-Inf,1.05,-0.1
PoTeC,Word Length,Regression Rate,c1,0.38366281741724500,0.12459540933838100,0.5999183766754420,"hat(rho) == 0.38*""[""*0.12*"","" ~ 0.60*""]""",-Inf,Inf,-0.05,1.1
PoTeC,Word Length,Regression Rate,c2,0.3169767435910550,0.04448823261759830,0.550051940341315,"hat(rho) == 0.32*""[""*0.04*"","" ~ 0.55*""]""",Inf,-Inf,1.05,-0.1
PoTeC,Lexical Frequency,Regression Rate,c1,-0.3162140888403810,-0.5502950996730760,-0.03951739178737160,"hat(rho) == -0.32*""[""*-0.55*"","" ~ -0.04*""]""",-Inf,Inf,-0.05,1.1
PoTeC,Lexical Frequency,Regression Rate,c2,-0.30121699940830300,-0.5364564109440800,-0.028347625196134000,"hat(rho) == -0.30*""[""*-0.54*"","" ~ -0.03*""]""",Inf,-Inf,1.05,-0.1
PoTeC,Surprisal,Regression Rate,c1,-0.20582812458651100,-0.4816909264917560,0.09862154122344990,"hat(rho) == -0.21*""[""*-0.48*"","" ~ 0.10*""]""",-Inf,Inf,-0.05,1.1
PoTeC,Surprisal,Regression Rate,c2,-0.26419072360520200,-0.5400018608103290,0.04245556296670500,"hat(rho) == -0.26*""[""*-0.54*"","" ~ 0.04*""]""",Inf,-Inf,1.05,-0.1
PoTeC,Word Length,Local Effect,c1,-0.09542923484232500,-0.4339238,0.25528172500000000,"hat(rho) == -0.10*""[""*-0.43*"","" ~ 0.26*""]""",-Inf,Inf,-0.05,1.1
PoTeC,Word Length,Local Effect,c2,-0.010357907520975000,-0.3559659,0.33448152500000000,"hat(rho) == -0.01*""[""*-0.36*"","" ~ 0.33*""]""",Inf,-Inf,1.05,-0.1
PoTeC,Lexical Frequency,Local Effect,c1,-0.1571319482152,-0.474924525,0.19210022500000000,"hat(rho) == -0.16*""[""*-0.47*"","" ~ 0.19*""]""",-Inf,Inf,-0.05,1.1
PoTeC,Lexical Frequency,Local Effect,c2,-0.1498172667885,-0.47420955,0.18067365,"hat(rho) == -0.15*""[""*-0.47*"","" ~ 0.18*""]""",Inf,-Inf,1.05,-0.1
PoTeC,Surprisal,Local Effect,c1,0.034670850322075,-0.446795975,0.5079768250000000,"hat(rho) == 0.03*""[""*-0.45*"","" ~ 0.51*""]""",-Inf,Inf,-0.05,1.1
PoTeC,Surprisal,Local Effect,c2,-0.022064832733650000,-0.45970035,0.42118300000000000,"hat(rho) == -0.02*""[""*-0.46*"","" ~ 0.42*""]""",Inf,-Inf,1.05,-0.1
OneStop,Word Length,Skip Rate,c1,-0.21695463468002400,-0.3672329012274160,-0.05676381047180720,"hat(rho) == -0.22*""[""*-0.37*"","" ~ -0.06*""]""",-Inf,Inf,-0.05,1.1
OneStop,Word Length,Skip Rate,c2,-0.4082580670503210,-0.5348678408327260,-0.2697491372668290,"hat(rho) == -0.41*""[""*-0.53*"","" ~ -0.27*""]""",Inf,-Inf,1.05,-0.1
OneStop,Lexical Frequency,Skip Rate,c1,-0.399316176344747,-0.5271522010618970,-0.2569130032540840,"hat(rho) == -0.40*""[""*-0.53*"","" ~ -0.26*""]""",-Inf,Inf,-0.05,1.1
OneStop,Lexical Frequency,Skip Rate,c2,-0.1990256114790360,-0.35203790848974100,-0.03916814995619040,"hat(rho) == -0.20*""[""*-0.35*"","" ~ -0.04*""]""",Inf,-Inf,1.05,-0.1
OneStop,Surprisal,Skip Rate,c1,0.43107901083949500,0.2924545339640930,0.5559280812700160,"hat(rho) == 0.43*""[""*0.29*"","" ~ 0.56*""]""",-Inf,Inf,-0.05,1.1
OneStop,Surprisal,Skip Rate,c2,0.10702819065382200,-0.05470116845224760,0.26523697078948200,"hat(rho) == 0.11*""[""*-0.05*"","" ~ 0.27*""]""",Inf,-Inf,1.05,-0.1
OneStop,Word Length,Regression Rate,c1,0.18876217493167300,0.02359056007148110,0.3422672632095400,"hat(rho) == 0.19*""[""*0.02*"","" ~ 0.34*""]""",-Inf,Inf,-0.05,1.1
OneStop,Word Length,Regression Rate,c2,0.29329108393843300,0.1387148352383860,0.4376165949977180,"hat(rho) == 0.29*""[""*0.14*"","" ~ 0.44*""]""",Inf,-Inf,1.05,-0.1
OneStop,Lexical Frequency,Regression Rate,c1,0.3046712999090870,0.14272270628198400,0.45159190703205300,"hat(rho) == 0.30*""[""*0.14*"","" ~ 0.45*""]""",-Inf,Inf,-0.05,1.1
OneStop,Lexical Frequency,Regression Rate,c2,0.003747987399490800,-0.16367163946345500,0.17158539926866300,"hat(rho) == 0.00*""[""*-0.16*"","" ~ 0.17*""]""",Inf,-Inf,1.05,-0.1
OneStop,Surprisal,Regression Rate,c1,-0.41329990726813600,-0.5420100179514840,-0.2675321903217590,"hat(rho) == -0.41*""[""*-0.54*"","" ~ -0.27*""]""",-Inf,Inf,-0.05,1.1
OneStop,Surprisal,Regression Rate,c2,-0.28158473869813600,-0.4286724120113980,-0.12619915041296800,"hat(rho) == -0.28*""[""*-0.43*"","" ~ -0.13*""]""",Inf,-Inf,1.05,-0.1
OneStop,Word Length,Local Effect,c1,-0.11261453414135,-0.4170376,0.21378385000000000,"hat(rho) == -0.11*""[""*-0.42*"","" ~ 0.21*""]""",-Inf,Inf,-0.05,1.1
OneStop,Word Length,Local Effect,c2,0.055114029635925,-0.205636475,0.31639462500000000,"hat(rho) == 0.06*""[""*-0.21*"","" ~ 0.32*""]""",Inf,-Inf,1.05,-0.1
OneStop,Lexical Frequency,Local Effect,c1,0.09790475128725,-0.3160983,0.4824070000000000,"hat(rho) == 0.10*""[""*-0.32*"","" ~ 0.48*""]""",-Inf,Inf,-0.05,1.1
OneStop,Lexical Frequency,Local Effect,c2,-0.0959018881965,-0.5187296500000000,0.35837212500000000,"hat(rho) == -0.10*""[""*-0.52*"","" ~ 0.36*""]""",Inf,-Inf,1.05,-0.1
OneStop,Surprisal,Local Effect,c1,0.04010045359100000,-0.452973225,0.509257625,"hat(rho) == 0.04*""[""*-0.45*"","" ~ 0.51*""]""",-Inf,Inf,-0.05,1.1
OneStop,Surprisal,Local Effect,c2,0.132875990510125,-0.26818022500000000,0.5117264,"hat(rho) == 0.13*""[""*-0.27*"","" ~ 0.51*""]""",Inf,-Inf,1.05,-0.1
GECO-NL,Word Length,Skip Rate,c1,-0.6063243047262870,-0.9502802561317350,0.5391209894003160,"hat(rho) == -0.61*""[""*-0.95*"","" ~ 0.54*""]""",-Inf,Inf,-0.05,1.1
GECO-NL,Word Length,Skip Rate,c2,-0.7479498829732890,-0.9667539203609910,0.12931725823016500,"hat(rho) == -0.75*""[""*-0.97*"","" ~ 0.13*""]""",Inf,-Inf,1.05,-0.1
GECO-NL,Lexical Frequency,Skip Rate,c1,-0.5696941569926280,-0.9671586690775320,0.8374446818068840,"hat(rho) == -0.57*""[""*-0.97*"","" ~ 0.84*""]""",-Inf,Inf,-0.05,1.1
GECO-NL,Lexical Frequency,Skip Rate,c2,0.895429802721962,0.6354182894236740,0.9827343966892790,"hat(rho) == 0.90*""[""*0.64*"","" ~ 0.98*""]""",Inf,-Inf,1.05,-0.1
GECO-NL,Surprisal,Skip Rate,c1,0.8749580957464060,-0.17516625690011900,0.9900902840416340,"hat(rho) == 0.87*""[""*-0.18*"","" ~ 0.99*""]""",-Inf,Inf,-0.05,1.1
GECO-NL,Surprisal,Skip Rate,c2,0.9114780769029070,0.6598241990949480,0.9877822989263360,"hat(rho) == 0.91*""[""*0.66*"","" ~ 0.99*""]""",Inf,-Inf,1.05,-0.1
GECO-NL,Word Length,Regression Rate,c1,0.9353048567166720,0.7623548505504430,0.9909720655456770,"hat(rho) == 0.94*""[""*0.76*"","" ~ 0.99*""]""",-Inf,Inf,-0.05,1.1
GECO-NL,Word Length,Regression Rate,c2,0.9229565204555630,0.7503965661976290,0.9869988693059710,"hat(rho) == 0.92*""[""*0.75*"","" ~ 0.99*""]""",Inf,-Inf,1.05,-0.1
GECO-NL,Lexical Frequency,Regression Rate,c1,0.9117183084865630,0.6352911462070660,0.9921573146955970,"hat(rho) == 0.91*""[""*0.64*"","" ~ 0.99*""]""",-Inf,Inf,-0.05,1.1
GECO-NL,Lexical Frequency,Regression Rate,c2,-0.9188017027580430,-0.9877041527263220,-0.718122611433853,"hat(rho) == -0.92*""[""*-0.99*"","" ~ -0.72*""]""",Inf,-Inf,1.05,-0.1
GECO-NL,Surprisal,Regression Rate,c1,-0.9811979709702010,-0.9973295746118250,-0.9279403970675960,"hat(rho) == -0.98*""[""*-1.00*"","" ~ -0.93*""]""",-Inf,Inf,-0.05,1.1
GECO-NL,Surprisal,Regression Rate,c2,-0.9560476025399910,-0.9933015125811330,-0.8480091379226880,"hat(rho) == -0.96*""[""*-0.99*"","" ~ -0.85*""]""",Inf,-Inf,1.05,-0.1
GECO-NL,Word Length,Local Effect,c1,-0.0919280186793231,-0.4191676337530510,0.2563610670386880,"hat(rho) == -0.09*""[""*-0.42*"","" ~ 0.26*""]""",-Inf,Inf,-0.05,1.1
GECO-NL,Word Length,Local Effect,c2,-0.11669520959081800,-0.43240456218206100,0.217785218134782,"hat(rho) == -0.12*""[""*-0.43*"","" ~ 0.22*""]""",Inf,-Inf,1.05,-0.1
GECO-NL,Lexical Frequency,Local Effect,c1,-0.06302728462389840,-0.44253355352721400,0.3164952036987030,"hat(rho) == -0.06*""[""*-0.44*"","" ~ 0.32*""]""",-Inf,Inf,-0.05,1.1
GECO-NL,Lexical Frequency,Local Effect,c2,0.014228746924221100,-0.35480093722920100,0.3665516182411710,"hat(rho) == 0.01*""[""*-0.35*"","" ~ 0.37*""]""",Inf,-Inf,1.05,-0.1
GECO-NL,Surprisal,Local Effect,c1,-0.1213133643896480,-0.5041463811117330,0.29359131814676900,"hat(rho) == -0.12*""[""*-0.50*"","" ~ 0.29*""]""",-Inf,Inf,-0.05,1.1
GECO-NL,Surprisal,Local Effect,c2,-0.21801280925090600,-0.5668295152322420,0.17575523181333500,"hat(rho) == -0.22*""[""*-0.57*"","" ~ 0.18*""]""",Inf,-Inf,1.05,-0.1
GECO-ZH,Word Length,Skip Rate,c1,-0.7587924107343280,-0.9199779714591720,-0.44456647664381300,"hat(rho) == -0.76*""[""*-0.92*"","" ~ -0.44*""]""",-Inf,Inf,-0.05,1.1
GECO-ZH,Word Length,Skip Rate,c2,-0.7274953511090210,-0.9335074175716470,-0.2791797204782150,"hat(rho) == -0.73*""[""*-0.93*"","" ~ -0.28*""]""",Inf,-Inf,1.05,-0.1
GECO-ZH,Lexical Frequency,Skip Rate,c1,-0.7898141366887220,-0.9391550302799690,-0.4903002742020560,"hat(rho) == -0.79*""[""*-0.94*"","" ~ -0.49*""]""",-Inf,Inf,-0.05,1.1
GECO-ZH,Lexical Frequency,Skip Rate,c2,0.885335950014323,0.7156523910896550,0.9678243000757460,"hat(rho) == 0.89*""[""*0.72*"","" ~ 0.97*""]""",Inf,-Inf,1.05,-0.1
GECO-ZH,Surprisal,Skip Rate,c1,-0.6948046579966050,-0.935063733778343,-0.04267252333419780,"hat(rho) == -0.69*""[""*-0.94*"","" ~ -0.04*""]""",-Inf,Inf,-0.05,1.1
GECO-ZH,Surprisal,Skip Rate,c2,-0.20350597542302600,-0.9071470831639560,0.8662383030102010,"hat(rho) == -0.20*""[""*-0.91*"","" ~ 0.87*""]""",Inf,-Inf,1.05,-0.1
GECO-ZH,Word Length,Regression Rate,c1,0.12377362269634400,-0.6505512771223290,0.7716820478436500,"hat(rho) == 0.12*""[""*-0.65*"","" ~ 0.77*""]""",-Inf,Inf,-0.05,1.1
GECO-ZH,Word Length,Regression Rate,c2,-0.736029920622997,-0.9428375483313300,-0.2478998664933280,"hat(rho) == -0.74*""[""*-0.94*"","" ~ -0.25*""]""",Inf,-Inf,1.05,-0.1
GECO-ZH,Lexical Frequency,Regression Rate,c1,0.6936669052171790,0.09130702282498770,0.9293799392170560,"hat(rho) == 0.69*""[""*0.09*"","" ~ 0.93*""]""",-Inf,Inf,-0.05,1.1
GECO-ZH,Lexical Frequency,Regression Rate,c2,0.41956276488999200,-0.6012055134342070,0.8921791153615900,"hat(rho) == 0.42*""[""*-0.60*"","" ~ 0.89*""]""",Inf,-Inf,1.05,-0.1
GECO-ZH,Surprisal,Regression Rate,c1,0.9123907660056360,0.7283164562519550,0.9817572313664010,"hat(rho) == 0.91*""[""*0.73*"","" ~ 0.98*""]""",-Inf,Inf,-0.05,1.1
GECO-ZH,Surprisal,Regression Rate,c2,-0.3635191251747880,-0.9561707300605670,0.9070742976643410,"hat(rho) == -0.36*""[""*-0.96*"","" ~ 0.91*""]""",Inf,-Inf,1.05,-0.1
GECO-ZH,Word Length,Local Effect,c1,-0.2179561528937100,-0.5376964770096440,0.16857125770457300,"hat(rho) == -0.22*""[""*-0.54*"","" ~ 0.17*""]""",-Inf,Inf,-0.05,1.1
GECO-ZH,Word Length,Local Effect,c2,-0.18019698412800100,-0.5595991992946180,0.20571446238621100,"hat(rho) == -0.18*""[""*-0.56*"","" ~ 0.21*""]""",Inf,-Inf,1.05,-0.1
GECO-ZH,Lexical Frequency,Local Effect,c1,0.034111017728809900,-0.3451051086037290,0.41681201148761100,"hat(rho) == 0.03*""[""*-0.35*"","" ~ 0.42*""]""",-Inf,Inf,-0.05,1.1
GECO-ZH,Lexical Frequency,Local Effect,c2,0.10461670243787100,-0.28777611075078700,0.46540722010978500,"hat(rho) == 0.10*""[""*-0.29*"","" ~ 0.47*""]""",Inf,-Inf,1.05,-0.1
GECO-ZH,Surprisal,Local Effect,c1,0.10351254270530000,-0.2546139684560870,0.455511551231802,"hat(rho) == 0.10*""[""*-0.25*"","" ~ 0.46*""]""",-Inf,Inf,-0.05,1.1
GECO-ZH,Surprisal,Local Effect,c2,-0.12534181303709500,-0.4669259224850960,0.22974285584777700,"hat(rho) == -0.13*""[""*-0.47*"","" ~ 0.23*""]""",Inf,-Inf,1.05,-0.1
HKC,Word Length,Skip Rate,c1,0.40511875554420700,0.16521533860209100,0.6077729600050780,"hat(rho) == 0.41*""[""*0.17*"","" ~ 0.61*""]""",-Inf,Inf,-0.05,1.1
HKC,Word Length,Skip Rate,c2,-0.1051468583092120,-0.33833499072374500,0.14238851334024300,"hat(rho) == -0.11*""[""*-0.34*"","" ~ 0.14*""]""",Inf,-Inf,1.05,-0.1
HKC,Lexical Frequency,Skip Rate,c1,0.028822504961253400,-0.20630412680425700,0.26719106953436700,"hat(rho) == 0.03*""[""*-0.21*"","" ~ 0.27*""]""",-Inf,Inf,-0.05,1.1
HKC,Lexical Frequency,Skip Rate,c2,0.1005404638252470,-0.1339395399568730,0.3267533597764650,"hat(rho) == 0.10*""[""*-0.13*"","" ~ 0.33*""]""",Inf,-Inf,1.05,-0.1
HKC,Surprisal,Skip Rate,c1,0.2113386611952010,-0.03914275567130250,0.43433064978774700,"hat(rho) == 0.21*""[""*-0.04*"","" ~ 0.43*""]""",-Inf,Inf,-0.05,1.1
HKC,Surprisal,Skip Rate,c2,-0.02053101117801180,-0.2546587443940750,0.21283821516795400,"hat(rho) == -0.02*""[""*-0.25*"","" ~ 0.21*""]""",Inf,-Inf,1.05,-0.1
HKC,Word Length,Regression Rate,c1,-0.11680998836618900,-0.3726763460827450,0.15267050395294900,"hat(rho) == -0.12*""[""*-0.37*"","" ~ 0.15*""]""",-Inf,Inf,-0.05,1.1
HKC,Word Length,Regression Rate,c2,-0.13274677368858600,-0.36531661176766500,0.11539992118380300,"hat(rho) == -0.13*""[""*-0.37*"","" ~ 0.12*""]""",Inf,-Inf,1.05,-0.1
HKC,Lexical Frequency,Regression Rate,c1,-0.03229540390424570,-0.27326926118165200,0.21168141854897500,"hat(rho) == -0.03*""[""*-0.27*"","" ~ 0.21*""]""",-Inf,Inf,-0.05,1.1
HKC,Lexical Frequency,Regression Rate,c2,0.07606663711224720,-0.1651032005551430,0.31025195803754300,"hat(rho) == 0.08*""[""*-0.17*"","" ~ 0.31*""]""",Inf,-Inf,1.05,-0.1
HKC,Surprisal,Regression Rate,c1,-0.2966579106848220,-0.5137128793489600,-0.0490572955014772,"hat(rho) == -0.30*""[""*-0.51*"","" ~ -0.05*""]""",-Inf,Inf,-0.05,1.1
HKC,Surprisal,Regression Rate,c2,-0.21530609100982500,-0.4321304781809480,0.020464817823164700,"hat(rho) == -0.22*""[""*-0.43*"","" ~ 0.02*""]""",Inf,-Inf,1.05,-0.1
HKC,Word Length,Local Effect,c1,-0.036788277596175000,-0.5164095,0.45937635,"hat(rho) == -0.04*""[""*-0.52*"","" ~ 0.46*""]""",-Inf,Inf,-0.05,1.1
HKC,Word Length,Local Effect,c2,-0.024852076288085500,-0.33574265,0.28769267500000000,"hat(rho) == -0.02*""[""*-0.34*"","" ~ 0.29*""]""",Inf,-Inf,1.05,-0.1
HKC,Lexical Frequency,Local Effect,c1,0.044323971855000000,-0.4434568,0.514882825,"hat(rho) == 0.04*""[""*-0.44*"","" ~ 0.51*""]""",-Inf,Inf,-0.05,1.1
HKC,Lexical Frequency,Local Effect,c2,0.261564070656675,-0.07755807750000000,0.567625775,"hat(rho) == 0.26*""[""*-0.08*"","" ~ 0.57*""]""",Inf,-Inf,1.05,-0.1
HKC,Surprisal,Local Effect,c1,-0.025030987065625000,-0.5077139750000000,0.4705300000000000,"hat(rho) == -0.03*""[""*-0.51*"","" ~ 0.47*""]""",-Inf,Inf,-0.05,1.1
HKC,Surprisal,Local Effect,c2,0.54545701925,0.337519,0.722288175,"hat(rho) == 0.55*""[""*0.34*"","" ~ 0.72*""]""",Inf,-Inf,1.05,-0.1