mode,predictor,location,mean_eff,lower,upper
InDiCo,Word Len.,Spillover,0.004840050901914426,-0.002195689847645754,0.011594126364741227
InDiCo,Word Len.,Local,0.15600405210985657,0.14263522859083383,0.1698116152353047
InDiCo,Lex. Freq.,Spillover,-0.007798839125808759,-0.013092921118167448,-0.002207694761145672
InDiCo,Lex. Freq.,Local,-0.02313714766157156,-0.029382702377993893,-0.016816481944470975
InDiCo,Surprisal,Spillover,0.005756316955361151,0.002690383453605678,0.008722161209236275
InDiCo,Surprisal,Local,0.027493922935917896,0.02384817750411936,0.03128828648179375
InDiCo,Reading Context,Local,-0.009945270286213925,-0.05485699471665209,0.035178969271897405
PoTeC,Word Len.,Spillover,0.009846296377925,0.00289233125,0.016736892500000003
PoTeC,Word Len.,Local,0.16982194775,0.16039382500000002,0.17926235000000001
PoTeC,Lex. Freq.,Spillover,-0.0205539394275,-0.0277120175,-0.012960605
PoTeC,Lex. Freq.,Local,-0.098919326875,-0.1079839,-0.08972389499999998
PoTeC,Surprisal,Spillover,-0.0063028037816,-0.009874547499999999,-0.002719373749999999
PoTeC,Surprisal,Local,0.0157696148775,0.011956015,0.01955209
PoTeC,Reading Context,Local,0.01860048333075,0.007910423500000001,0.029376877500000002
OneStop,Word Len.,Spillover,-0.01157750827,-0.015111052499999998,-0.008111928749999999
OneStop,Word Len.,Local,0.0328157511,0.0286306875,0.037101255
OneStop,Lex. Freq.,Spillover,0.0081694001,0.004947181,0.011358307500000003
OneStop,Lex. Freq.,Local,-0.0193423456,-0.023061945,-0.0157054325
OneStop,Surprisal,Spillover,0.010653852155,0.008034147250000002,0.0132676225
OneStop,Surprisal,Local,0.022492872425,0.019641505,0.0253963775
OneStop,Reading Context,Local,0.053672211925,0.044724332500000005,0.06274338
GECO-NL,Word Len.,Spillover,-0.022291439763500797,-0.03286682698974557,-0.011897468043429336
GECO-NL,Word Len.,Local,0.06373917619941662,0.04823744737629477,0.07858140529309433
GECO-NL,Lex. Freq.,Spillover,0.008969378024543374,0.0015142254562682934,0.016800797769174303
GECO-NL,Lex. Freq.,Local,-0.019806286575708244,-0.029261103540657418,-0.010989320703783313
GECO-NL,Surprisal,Spillover,0.015290849804821243,0.011881460256072646,0.018454626972358168
GECO-NL,Surprisal,Local,0.02514197316940125,0.019091107970467366,0.03125914070780526
GECO-NL,Reading Context,Local,0.061280493556892426,-0.007659285938572819,0.12554985681568043
GECO-ZH,Word Len.,Spillover,-0.007241269750655897,-0.01363524005905985,9.341317325535466e-4
GECO-ZH,Word Len.,Local,0.0351274322884441,0.013599602589076075,0.05304453664050548
GECO-ZH,Lex. Freq.,Spillover,-0.005070745046270803,-0.01241805255968636,0.0032332684504890173
GECO-ZH,Lex. Freq.,Local,-0.029037243436378486,-0.03749345695627784,-0.021442975499939856
GECO-ZH,Surprisal,Spillover,0.0035793294426392677,0.002003245095698474,0.005338321481045329
GECO-ZH,Surprisal,Local,0.008412135629713902,0.005871632977586069,0.010956601812824096
GECO-ZH,Reading Context,Local,0.15079522279117857,0.03160145207594021,0.2619369818483072
HKC,Word Len.,Spillover,-0.00122610011466,-0.0042197385,0.0016749172500000005
HKC,Word Len.,Local,0.0184334997275,0.0136580275,0.0231426375
HKC,Lex. Freq.,Spillover,-0.0078402040955,-0.01138205,-0.0043869619999999995
HKC,Lex. Freq.,Local,-0.016988409035,-0.020385737499999997,-0.013609625
HKC,Surprisal,Spillover,-7.194521950250008e-5,-0.0037555495,0.0034844277499999996
HKC,Surprisal,Local,0.0120571823575,0.00891583175,0.015206097500000001
HKC,Reading Context,Local,0.057142413975,0.03559794,0.07716268750000001
