target_dv,step,logLik,AIC,BIC
r_prev_len,base,139.4386497803639,-274.8772995607278,-270.6555518323812
r_prev_len,SLRTWord,142.40745887946332,-278.81491775892664,-272.4822961664067
r_prev_len,SLRTWord+SSmean,142.6891145160765,-277.378229032153,-268.93473357545975
r_prev_len,SLRTWord+SSmean+StrAccuracyEffect,142.69177331934617,-275.38354663869234,-264.8291773178258
r_prev_len,SLRTWord+SSmean+StrAccuracyEffect+StrRTEffect,143.75161823137478,-275.50323646274956,-262.8379932777097
r_prev_len,SLRTWord+SSmean+StrAccuracyEffect+StrRTEffect+MWTPR,143.7991746022864,-273.5983492045728,-258.82223215535964
r_prev_len,SLRTWord+SSmean+StrAccuracyEffect+StrRTEffect+MWTPR+RIASVixPR,144.5828167848171,-273.1656335696342,-256.2786426562477
r_prev_freq,base,185.67396684499732,-367.34793368999465,-363.12618596164805
r_prev_freq,SLRTWord,190.883768380471,-375.767536760942,-369.43491516842204
r_prev_freq,SLRTWord+SSmean,191.21459193524998,-374.42918387049997,-365.9856884138067
r_prev_freq,SLRTWord+SSmean+StrAccuracyEffect,192.02673271252038,-374.05346542504077,-363.4990961041742
r_prev_freq,SLRTWord+SSmean+StrAccuracyEffect+StrRTEffect,192.55520392475285,-373.1104078495057,-360.44516466446584
r_prev_freq,SLRTWord+SSmean+StrAccuracyEffect+StrRTEffect+MWTPR,192.84476818445967,-371.68953636891933,-356.9134193197062
r_prev_freq,SLRTWord+SSmean+StrAccuracyEffect+StrRTEffect+MWTPR+RIASVixPR,192.88861333175086,-369.7772266635017,-352.8902357501152
r_prev_surp,base,250.39523041281393,-496.79046082562786,-492.56871309728126
r_prev_surp,SLRTWord,258.7245620767508,-511.44912415350154,-505.1165025609816
r_prev_surp,SLRTWord+SSmean,259.59965032713325,-511.1993006542665,-502.75580519757324
r_prev_surp,SLRTWord+SSmean+StrAccuracyEffect,260.0532529768842,-510.1065059537684,-499.55213663290186
r_prev_surp,SLRTWord+SSmean+StrAccuracyEffect+StrRTEffect,260.2238577298933,-508.44771545978665,-495.7824722747468
r_prev_surp,SLRTWord+SSmean+StrAccuracyEffect+StrRTEffect+MWTPR,260.23699205318667,-506.47398410637334,-491.6978670571602
r_prev_surp,SLRTWord+SSmean+StrAccuracyEffect+StrRTEffect+MWTPR+RIASVixPR,260.2459004110214,-504.4918008220428,-487.6048099086563
