subj_id,subj,measures,mean_value,contr,mode
1,zh1,FPReg,0.09593931280678268,c1,et_indico
1,zh1,skip,0.22043730477465417,c1,et_indico
1,zh1,FPReg,0.1001347103726987,c2,et_indico
1,zh1,skip,0.2191288729232151,c2,et_indico
2,zh10,FPReg,0.11458333333333333,c1,et_indico
2,zh10,skip,0.17572463768115942,c1,et_indico
2,zh10,FPReg,0.09279778393351801,c2,et_indico
2,zh10,skip,0.19113573407202217,c2,et_indico
3,zh11,FPReg,0.015930814747382796,c1,et_indico
3,zh11,skip,0.3714155666818389,c1,et_indico
3,zh11,FPReg,0.013209393346379647,c2,et_indico
3,zh11,skip,0.33659491193737767,c2,et_indico
4,zh12,FPReg,0.1530566711289603,c1,et_indico
4,zh12,skip,0.19410977242302543,c1,et_indico
4,zh12,FPReg,0.16394927536231885,c2,et_indico
4,zh12,skip,0.21014492753623187,c2,et_indico
5,zh13,FPReg,0.0806159420289855,c1,et_indico
5,zh13,skip,0.30027173913043476,c1,et_indico
5,zh13,FPReg,0.0963963963963964,c2,et_indico
5,zh13,skip,0.3144144144144144,c2,et_indico
6,zh14,FPReg,0.06702898550724638,c1,et_indico
6,zh14,skip,0.17617753623188406,c1,et_indico
6,zh14,FPReg,0.06964705882352941,c2,et_indico
6,zh14,skip,0.1063529411764706,c2,et_indico
7,zh16,FPReg,0.151268115942029,c1,et_indico
7,zh16,skip,0.1585144927536232,c1,et_indico
7,zh16,FPReg,0.1479944674965422,c2,et_indico
7,zh16,skip,0.1747349008759797,c2,et_indico
8,zh18,FPReg,0.14413208389112003,c1,et_indico
8,zh18,skip,0.1575189647478804,c1,et_indico
8,zh18,FPReg,0.1589582397844634,c2,et_indico
8,zh18,skip,0.1396497530309834,c2,et_indico
9,zh19,FPReg,0.12628290941543954,c1,et_indico
9,zh19,skip,0.15975011155734048,c1,et_indico
9,zh19,FPReg,0.12018348623853212,c2,et_indico
9,zh19,skip,0.15091743119266054,c2,et_indico
10,zh2,FPReg,0.08801498127340825,c1,et_indico
10,zh2,skip,0.35814606741573035,c1,et_indico
10,zh2,FPReg,0.11277853569804457,c2,et_indico
10,zh2,skip,0.29376989540700316,c2,et_indico
11,zh20,FPReg,0.06196677144140099,c1,et_indico
11,zh20,skip,0.15401885945217783,c1,et_indico
11,zh20,FPReg,0.053480866758875055,c2,et_indico
11,zh20,skip,0.17242969110189027,c2,et_indico
12,zh21,FPReg,0.05042391789379741,c1,et_indico
12,zh21,skip,0.5510932619366354,c1,et_indico
12,zh21,FPReg,0.09267840593141798,c2,et_indico
12,zh21,skip,0.34615384615384615,c2,et_indico
13,zh22,FPReg,0.12572968118545128,c1,et_indico
13,zh22,skip,0.3026493039964077,c1,et_indico
13,zh22,FPReg,0.14494117647058824,c2,et_indico
13,zh22,skip,0.2743529411764706,c2,et_indico
14,zh23,FPReg,0.1479944674965422,c1,et_indico
14,zh23,skip,0.30382664822498845,c1,et_indico
14,zh23,FPReg,0.10767790262172285,c2,et_indico
14,zh23,skip,0.3951310861423221,c2,et_indico
15,zh25,FPReg,0.11735832217759928,c1,et_indico
15,zh25,skip,0.18116912092815707,c1,et_indico
15,zh25,FPReg,0.12198452435138826,c2,et_indico
15,zh25,skip,0.1989076012744652,c2,et_indico
16,zh26,FPReg,0.044954128440366975,c1,et_indico
16,zh26,skip,0.36376146788990826,c1,et_indico
16,zh26,FPReg,0.04528819762122598,c2,et_indico
16,zh26,skip,0.34309240622140896,c2,et_indico
17,zh27,FPReg,0.09593931280678268,c1,et_indico
17,zh27,skip,0.17670682730923695,c1,et_indico
17,zh27,FPReg,0.0933991917377638,c2,et_indico
17,zh27,skip,0.1692860350246969,c2,et_indico
18,zh28,FPReg,0.09128440366972478,c1,et_indico
18,zh28,skip,0.1573394495412844,c1,et_indico
18,zh28,FPReg,0.07935034802784223,c2,et_indico
18,zh28,skip,0.09605568445475637,c2,et_indico
19,zh29,FPReg,0.12442817932296432,c1,et_indico
19,zh29,skip,0.13860933211344922,c1,et_indico
19,zh29,FPReg,0.10710987996306556,c2,et_indico
19,zh29,skip,0.1615881809787627,c2,et_indico
20,zh3,FPReg,0.22282855843565258,c1,et_indico
20,zh3,skip,0.22737608003638018,c1,et_indico
20,zh3,FPReg,0.1902594446973145,c2,et_indico
20,zh3,skip,0.2708238507055075,c2,et_indico
21,zh30,FPReg,0.1035252119589469,c1,et_indico
21,zh30,skip,0.0499776885319054,c1,et_indico
21,zh30,FPReg,0.10732150977717145,c2,et_indico
21,zh30,skip,0.07139608913142337,c2,et_indico
22,zh31,FPReg,0.15930388219544847,c1,et_indico
22,zh31,skip,0.21240517626059796,c1,et_indico
22,zh31,FPReg,0.15415216310293386,c2,et_indico
22,zh31,skip,0.2118349080059672,c2,et_indico
23,zh32,FPReg,0.11323328785811733,c1,et_indico
23,zh32,skip,0.30786721236925874,c1,et_indico
23,zh32,FPReg,0.10211764705882354,c2,et_indico
23,zh32,skip,0.32282352941176473,c2,et_indico
24,zh33,FPReg,0.043284248103525214,c1,et_indico
24,zh33,skip,0.2788933511825078,c1,et_indico
24,zh33,FPReg,0.06601123595505617,c2,et_indico
24,zh33,skip,0.20599250936329588,c2,et_indico
25,zh34,FPReg,0.09011893870082342,c1,et_indico
25,zh34,skip,0.32708142726440986,c1,et_indico
25,zh34,FPReg,0.1103865859338612,c2,et_indico
25,zh34,skip,0.32370749883558453,c2,et_indico
26,zh35,FPReg,0.10619469026548672,c1,et_indico
26,zh35,skip,0.23381462505822076,c1,et_indico
26,zh35,FPReg,0.1161939615736505,c2,et_indico
26,zh35,skip,0.22049405306495884,c2,et_indico
27,zh36,FPReg,0.06647807637906648,c1,et_indico
27,zh36,skip,0.25742574257425743,c1,et_indico
27,zh36,FPReg,0.04939981532779317,c2,et_indico
27,zh36,skip,0.25992613111726687,c2,et_indico
28,zh37,FPReg,0.10932619366354306,c1,et_indico
28,zh37,skip,0.14323962516733602,c1,et_indico
28,zh37,FPReg,0.09731232622798888,c2,et_indico
28,zh37,skip,0.1371640407784986,c2,et_indico
29,zh38,FPReg,0.062326869806094184,c1,et_indico
29,zh38,skip,0.2691597414589104,c1,et_indico
29,zh38,FPReg,0.06953339432753888,c2,et_indico
29,zh38,skip,0.23330283623055809,c2,et_indico
30,zh4,FPReg,0.05945692883895131,c1,et_indico
30,zh4,skip,0.3267790262172285,c1,et_indico
30,zh4,FPReg,0.08486753480017961,c2,et_indico
30,zh4,skip,0.28917826672653796,c2,et_indico
31,zh41,FPReg,0.09103139013452914,c1,et_indico
31,zh41,skip,0.31748878923766816,c1,et_indico
31,zh41,FPReg,0.08239700374531835,c2,et_indico
31,zh41,skip,0.3291198501872659,c2,et_indico
32,zh42,FPReg,0.06580763920846755,c1,et_indico
32,zh42,skip,0.0786930510814542,c1,et_indico
32,zh42,FPReg,0.0624126688402422,c2,et_indico
32,zh42,skip,0.10246856078248719,c2,et_indico
33,zh43,FPReg,0.12985274431057564,c1,et_indico
33,zh43,skip,0.3279785809906292,c1,et_indico
33,zh43,FPReg,0.1547085201793722,c2,et_indico
33,zh43,skip,0.29013452914798205,c2,et_indico
34,zh46,FPReg,0.11644154634373545,c1,et_indico
34,zh46,skip,0.2496506753609688,c1,et_indico
34,zh46,FPReg,0.13494967978042086,c2,et_indico
34,zh46,skip,0.222323879231473,c2,et_indico
35,zh47,FPReg,0.04547521600727603,c1,et_indico
35,zh47,skip,0.3142337426102774,c1,et_indico
35,zh47,FPReg,0.05535224153705398,c2,et_indico
35,zh47,skip,0.21591948764867339,c2,et_indico
36,zh49,FPReg,0.12315930388219545,c1,et_indico
36,zh49,skip,0.25524319500223114,c1,et_indico
36,zh49,FPReg,0.11988975654570509,c2,et_indico
36,zh49,skip,0.22875516766192008,c2,et_indico
37,zh5,FPReg,0.17450611476952022,c1,et_indico
37,zh5,skip,0.16086547507055504,c1,et_indico
37,zh5,FPReg,0.18698060941828254,c2,et_indico
37,zh5,skip,0.15558633425669438,c2,et_indico
38,zh50,FPReg,0.06587374199451052,c1,et_indico
38,zh50,skip,0.31655992680695333,c1,et_indico
38,zh50,FPReg,0.058220773171867725,c2,et_indico
38,zh50,skip,0.3390777829529576,c2,et_indico
39,zh53,FPReg,0.12234533702677747,c1,et_indico
39,zh53,skip,0.20637119113573407,c1,et_indico
39,zh53,FPReg,0.13165137614678898,c2,et_indico
39,zh53,skip,0.15275229357798165,c2,et_indico
40,zh54,FPReg,0.055778670236501564,c1,et_indico
40,zh54,skip,0.28737170905845605,c1,et_indico
40,zh54,FPReg,0.06316274781005071,c2,et_indico
40,zh54,skip,0.28400184416781926,c2,et_indico
41,zh55,FPReg,0.0821062025881303,c1,et_indico
41,zh55,skip,0.12315930388219545,c1,et_indico
41,zh55,FPReg,0.06403712296983759,c2,et_indico
41,zh55,skip,0.2835266821345708,c2,et_indico
42,zh56,FPReg,0.12494236975564776,c1,et_indico
42,zh56,skip,0.103273397879207,c1,et_indico
42,zh56,FPReg,0.10335323840146991,c2,et_indico
42,zh56,skip,0.13688562241616903,c2,et_indico
43,zh57,FPReg,0.12449799196787148,c1,et_indico
43,zh57,skip,0.2182061579651941,c1,et_indico
43,zh57,FPReg,0.035681610247026534,c2,et_indico
43,zh57,skip,0.6303751143641354,c2,et_indico
44,zh58,FPReg,0.11295527893038267,c1,et_indico
44,zh58,skip,0.21991701244813278,c1,et_indico
44,zh58,FPReg,0.09115401885945218,c2,et_indico
44,zh58,skip,0.24292770543331837,c2,et_indico
45,zh59,FPReg,0.15917602996254682,c1,et_indico
45,zh59,skip,0.29119850187265917,c1,et_indico
45,zh59,FPReg,0.16838796587337224,c2,et_indico
45,zh59,skip,0.29636281993713515,c2,et_indico
46,zh6,FPReg,0.07228915662650602,c1,et_indico
46,zh6,skip,0.214190093708166,c1,et_indico
46,zh6,FPReg,0.04865616311399444,c2,et_indico
46,zh6,skip,0.2205746061167748,c2,et_indico
47,zh60,FPReg,0.06916555109326193,c1,et_indico
47,zh60,skip,0.2597054886211513,c1,et_indico
47,zh60,FPReg,0.06774941995359629,c2,et_indico
47,zh60,skip,0.23109048723897913,c2,et_indico
48,zh61,FPReg,0.17358322177599286,c1,et_indico
48,zh61,skip,0.21240517626059796,c1,et_indico
48,zh61,FPReg,0.16274781005071462,c2,et_indico
48,zh61,skip,0.21484555094513602,c2,et_indico
49,zh63,FPReg,0.10843373493975904,c1,et_indico
49,zh63,skip,0.1994645247657296,c1,et_indico
49,zh63,FPReg,0.06926605504587156,c2,et_indico
49,zh63,skip,0.26788990825688075,c2,et_indico
50,zh64,FPReg,0.09058456046407853,c1,et_indico
50,zh64,skip,0.07273538598839803,c1,et_indico
50,zh64,FPReg,0.07981438515081206,c2,et_indico
50,zh64,skip,0.08863109048723898,c2,et_indico
51,zh65,FPReg,0.2318840579710145,c1,et_indico
51,zh65,skip,0.10869565217391304,c1,et_indico
51,zh65,FPReg,0.22083909635776855,c2,et_indico
51,zh65,skip,0.11203319502074689,c2,et_indico
52,zh66,FPReg,0.13609995537706382,c1,et_indico
52,zh66,skip,0.11557340473003123,c1,et_indico
52,zh66,FPReg,0.11687130513869941,c2,et_indico
52,zh66,skip,0.059572532969531605,c2,et_indico
53,zh67,FPReg,0.24,c1,et_indico
53,zh67,skip,0.19105882352941175,c1,et_indico
53,zh67,FPReg,0.24850711988975654,c2,et_indico
53,zh67,skip,0.16031235645383554,c2,et_indico
54,zh68,FPReg,0.07184292726461401,c1,et_indico
54,zh68,skip,0.3043284248103525,c1,et_indico
54,zh68,FPReg,0.06466097889537495,c2,et_indico
54,zh68,skip,0.286484059272564,c2,et_indico
55,zh69,FPReg,0.10358744394618834,c1,et_indico
55,zh69,skip,0.23721973094170404,c1,et_indico
55,zh69,FPReg,0.07303628847037207,c2,et_indico
55,zh69,skip,0.27285254937988057,c2,et_indico
56,zh7,FPReg,0.17358322177599286,c1,et_indico
56,zh7,skip,0.1213743864346274,c1,et_indico
56,zh7,FPReg,0.17128347183748846,c2,et_indico
56,zh7,skip,0.06786703601108034,c2,et_indico
57,zh70,FPReg,0.18964705882352942,c1,et_indico
57,zh70,skip,0.13223529411764706,c1,et_indico
57,zh70,FPReg,0.20825688073394497,c2,et_indico
57,zh70,skip,0.12798165137614678,c2,et_indico
58,zh71,FPReg,0.1253904506916555,c1,et_indico
58,zh71,skip,0.14725568942436412,c1,et_indico
58,zh71,FPReg,0.09929411764705882,c2,et_indico
58,zh71,skip,0.1868235294117647,c2,et_indico
59,zh72,FPReg,0.066488174921909865,c1,et_indico
59,zh72,skip,0.13966979027219992,c1,et_indico
59,zh72,FPReg,0.06457399103139014,c2,et_indico
59,zh72,skip,0.17309417040358743,c2,et_indico
60,zh73,FPReg,0.09775784753363229,c1,et_indico
60,zh73,skip,0.15336322869955157,c1,et_indico
60,zh73,FPReg,0.08,c2,et_indico
60,zh73,skip,0.16988235294117648,c2,et_indico
61,zh74,FPReg,0.08966861598440545,c1,et_indico
61,zh74,skip,0.18859649122807018,c1,et_indico
61,zh74,FPReg,0.08480074142724744,c2,et_indico
61,zh74,skip,0.1686746987951807,c2,et_indico
62,zh75,FPReg,0.08701472556894244,c1,et_indico
62,zh75,skip,0.2896028558679161,c1,et_indico
62,zh75,FPReg,0.06752411575562701,c2,et_indico
62,zh75,skip,0.3265962333486449,c2,et_indico
63,zh8,FPReg,0.09082483781278962,c1,et_indico
63,zh8,skip,0.28313253012048195,c1,et_indico
63,zh8,FPReg,0.08441850022451729,c2,et_indico
63,zh8,skip,0.2559497081275258,c2,et_indico
1,spp01,FPReg,0.0983710665862255,c1,geconl
1,spp01,skip,0.44895691105960056,c1,geconl
1,spp01,FPReg,0.11650084630310036,c2,geconl
1,spp01,skip,0.391652561614994,c2,geconl
2,spp02,FPReg,0.099540850303179,c1,geconl
2,spp02,skip,0.5098314114471978,c1,geconl
2,spp02,FPReg,0.10733118500073238,c2,geconl
2,spp02,skip,0.505163322103413,c2,geconl
3,spp03,FPReg,0.15362143968500935,c1,geconl
3,spp03,skip,0.48817197472454193,c1,geconl
3,spp03,FPReg,0.15761879205713578,c2,geconl
3,spp03,skip,0.46084300045411386,c2,geconl
4,spp04,FPReg,0.1510287056184501,c1,geconl
4,spp04,skip,0.45434790228172867,c1,geconl
4,spp04,FPReg,0.1548996631023876,c2,geconl
4,spp04,skip,0.409550314926029,c2,geconl
5,spp05,FPReg,0.08890864636585907,c1,geconl
5,spp05,skip,0.4715016035309434,c1,geconl
5,spp05,FPReg,0.09173099946331999,c2,geconl
5,spp05,skip,0.3928084878008504,c2,geconl
6,spp06,FPReg,0.06133679156005748,c1,geconl
6,spp06,skip,0.40902877571764046,c1,geconl
6,spp06,FPReg,0.08147795517796982,c2,geconl
6,spp06,skip,0.45539768565987987,c2,geconl
7,spp07,FPReg,0.060775410408662245,c1,geconl
7,spp07,skip,0.5473279776458261,c1,geconl
7,spp07,FPReg,0.07699294059365067,c2,geconl
7,spp07,skip,0.49989679230483425,c2,geconl
8,spp08,FPReg,0.1351512390031895,c1,geconl
8,spp08,skip,0.4223826714801444,c1,geconl
8,spp08,FPReg,0.19778087007470338,c2,geconl
8,spp08,skip,0.36132268932181044,c2,geconl
9,spp09,FPReg,0.06544311434286984,c1,geconl
9,spp09,skip,0.47086654177118725,c1,geconl
9,spp09,FPReg,0.07839656524790488,c2,geconl
9,spp09,skip,0.40915658671510546,c2,geconl
10,spp10,FPReg,0.06771581788230346,c1,geconl
10,spp10,skip,0.5818583295362939,c1,geconl
10,spp10,FPReg,0.09169474146770178,c2,geconl
10,spp10,skip,0.5217518675845906,c2,geconl
11,spp11,FPReg,0.05344044708347887,c1,geconl
11,spp11,skip,0.5961959800590607,c1,geconl
11,spp11,FPReg,0.05226437683193659,c2,geconl
11,spp11,skip,0.5778392436940099,c2,geconl
12,spp12,FPReg,0.0894465668921524,c1,geconl
12,spp12,skip,0.5459675440748659,c1,geconl
12,spp12,FPReg,0.1116888823787901,c2,geconl
12,spp12,skip,0.5062252819686539,c2,geconl
13,spp13,FPReg,0.15740005715555838,c1,geconl
13,spp13,skip,0.6210586479535135,c1,geconl
13,spp13,FPReg,0.20274119638360236,c2,geconl
13,spp13,skip,0.6074804937456136,c2,geconl
14,spp14,FPReg,0.08685289684904139,c1,geconl
14,spp14,skip,0.5883425046440713,c1,geconl
14,spp14,FPReg,0.10308334553976857,c2,geconl
14,spp14,skip,0.6139958986377618,c2,geconl
15,spp15,FPReg,0.11453338837201918,c1,geconl
15,spp15,skip,0.4292064903311847,c1,geconl
15,spp15,FPReg,0.14449077323205217,c2,geconl
15,spp15,skip,0.3725384964702968,c2,geconl
16,spp16,FPReg,0.1166514502422923,c1,geconl
16,spp16,skip,0.5470889809677646,c1,geconl
16,spp16,FPReg,0.16083199062545775,c2,geconl
16,spp16,skip,0.4748791562911967,c2,geconl
17,spp17,FPReg,0.07144444797256533,c1,geconl
17,spp17,skip,0.27564855682215095,c1,geconl
17,spp17,FPReg,0.0928456425711101,c2,geconl
17,spp17,skip,0.22742847706725014,c2,geconl
18,spp18,FPReg,0.13479566427420536,c2,geconl
18,spp18,skip,0.5719935550021972,c2,geconl
18,spp19,FPReg,0.05944178071317436,c1,geconl
18,spp19,skip,0.6102308449496714,c1,geconl
19,spp19,FPReg,0.07790116831110927,c2,geconl
19,spp19,skip,0.5009288692564917,c2,geconl
1,sCN_01,FPReg,0.04475421863536317,c1,gecozh
1,sCN_01,skip,0.6480270503046349,c1,gecozh
1,sCN_01,FPReg,0.07236944660950896,c2,gecozh
1,sCN_01,skip,0.26204208885424785,c2,gecozh
2,sCN_02,FPReg,0.10244130779202074,c1,gecozh
2,sCN_02,skip,0.7929929425320467,c1,gecozh
2,sCN_02,FPReg,0.13819703888197038,c2,gecozh
2,sCN_02,skip,0.48979521239795215,c2,gecozh
3,sCN_03,FPReg,0.12501196210405435,c1,gecozh
3,sCN_03,skip,0.6944719129796804,c1,gecozh
3,sCN_03,FPReg,0.1319398319984372,c2,gecozh
3,sCN_03,skip,0.39882789607345187,c2,gecozh
4,sCN_04,FPReg,0.03759181909837246,c1,gecozh
4,sCN_04,skip,0.7954774593115368,c1,gecozh
4,sCN_04,FPReg,0.07384286404083604,c2,gecozh
4,sCN_04,skip,0.4293991860384907,c2,gecozh
5,sCN_06,FPReg,0.12415937522597441,c1,gecozh
5,sCN_06,skip,0.7041000795429894,c1,gecozh
5,sCN_06,FPReg,0.16601766219317154,c2,gecozh
5,sCN_06,skip,0.42517905569849107,c2,gecozh
6,sCN_07,FPReg,0.06016140865737344,c1,gecozh
6,sCN_07,skip,0.6189671121885866,c1,gecozh
6,sCN_07,FPReg,0.09103663289166017,c2,gecozh
6,sCN_07,skip,0.19879189399844116,c2,gecozh
7,sCN_08,FPReg,0.0773440875702146,c1,gecozh
7,sCN_08,skip,0.570574679533343,c1,gecozh
7,sCN_08,FPReg,0.12409464027040078,c2,gecozh
7,sCN_08,skip,0.1831758294819618,c2,gecozh
8,sCN_09,FPReg,0.087849692175189,c1,gecozh
8,sCN_09,skip,0.7503907620657756,c1,gecozh
8,sCN_09,FPReg,0.1324863174354965,c2,gecozh
8,sCN_09,skip,0.34104769351055514,c2,gecozh
9,sCN_10,FPReg,0.14806279706178885,c1,gecozh
9,sCN_10,skip,0.6513754861011091,c1,gecozh
9,sCN_10,FPReg,0.18462440504932054,c2,gecozh
9,sCN_10,skip,0.1983858729392288,c2,gecozh
10,sCN_11,FPReg,0.07228300743245399,c1,gecozh
10,sCN_11,skip,0.7946026986506747,c1,gecozh
10,sCN_11,FPReg,0.10565081839438815,c2,gecozh
10,sCN_11,skip,0.3426734216679657,c2,gecozh
11,sCN_12,FPReg,0.11104709779634164,c1,gecozh
11,sCN_12,skip,0.6800014402995823,c1,gecozh
11,sCN_12,FPReg,0.15437676760709113,c2,gecozh
11,sCN_12,skip,0.3013382079050838,c2,gecozh
12,sCN_13,FPReg,0.08258636639127245,c1,gecozh
12,sCN_13,skip,0.6929407636607229,c1,gecozh
12,sCN_13,FPReg,0.11180826188620421,c2,gecozh
12,sCN_13,skip,0.29520654715510525,c2,gecozh
13,sCN_14,FPReg,0.07262710643813913,c1,gecozh
13,sCN_14,skip,0.8280642373613711,c1,gecozh
13,sCN_14,FPReg,0.15485962612954404,c2,gecozh
13,sCN_14,skip,0.509829619921363,c2,gecozh
14,sCN_15,FPReg,0.03878911608025774,c1,gecozh
14,sCN_15,skip,0.6032728316692717,c1,gecozh
14,sCN_15,FPReg,0.07564302416212003,c2,gecozh
14,sCN_15,skip,0.2961028838659392,c2,gecozh
15,sCN_16,FPReg,0.09293533054875414,c1,gecozh
15,sCN_16,skip,0.7619904940227568,c1,gecozh
15,sCN_16,FPReg,0.1498633832532079,c2,gecozh
15,sCN_16,skip,0.3604606924220939,c2,gecozh
16,sCN_17,FPReg,0.059857344814291225,c1,gecozh
16,sCN_17,skip,0.5382020305873281,c1,gecozh
16,sCN_17,FPReg,0.08312548713951676,c2,gecozh
16,sCN_17,skip,0.1528448947778644,c2,gecozh
17,sCN_18,FPReg,0.06351721158000864,c1,gecozh
17,sCN_18,skip,0.7845311824859571,c1,gecozh
17,sCN_18,FPReg,0.171000896737256,c2,gecozh
17,sCN_18,skip,0.3479340553217907,c2,gecozh
18,sCN_19,FPReg,0.0758237902325433,c1,gecozh
18,sCN_19,skip,0.6846789371271811,c1,gecozh
18,sCN_19,FPReg,0.07377240841777084,c2,gecozh
18,sCN_19,skip,0.3249415432579891,c2,gecozh
19,sCN_20,FPReg,0.09516779490133948,c1,gecozh
19,sCN_20,skip,0.7162609822843151,c1,gecozh
19,sCN_20,FPReg,0.11536869697178727,c2,gecozh
19,sCN_20,skip,0.39835828102366005,c2,gecozh
20,sCN_21,FPReg,0.08022584452454624,c1,gecozh
20,sCN_21,skip,0.7294012568183993,c1,gecozh
20,sCN_21,FPReg,0.1716289945440374,c2,gecozh
20,sCN_21,skip,0.34672642244738894,c2,gecozh
21,sCN_23,FPReg,0.1011834508277776,c1,gecozh
21,sCN_23,skip,0.7068168043637756,c1,gecozh
21,sCN_23,FPReg,0.155962587685113,c2,gecozh
21,sCN_23,skip,0.26991426344505065,c2,gecozh
22,sCN_24,FPReg,0.08329408354769754,c1,gecozh
22,sCN_24,skip,0.690880765189667,c1,gecozh
22,sCN_24,FPReg,0.09735464410775578,c2,gecozh
22,sCN_24,skip,0.35981000589397777,c2,gecozh
23,sCN_25,FPReg,0.0706561612810616,c1,gecozh
23,sCN_25,skip,0.7697534211617596,c1,gecozh
23,sCN_25,FPReg,0.13008573655494934,c2,gecozh
23,sCN_25,skip,0.3735385814497272,c2,gecozh
24,sCN_26,FPReg,0.13556819818522253,c1,gecozh
24,sCN_26,skip,0.6680829612559412,c1,gecozh
24,sCN_26,FPReg,0.1707249775815686,c2,gecozh
24,sCN_26,skip,0.3277574670621508,c2,gecozh
25,sCN_27,FPReg,0.08989122460046572,c1,gecozh
25,sCN_27,skip,0.7035950110051358,c1,gecozh
25,sCN_27,FPReg,0.14536243180046765,c2,gecozh
25,sCN_27,skip,0.2702650038971161,c2,gecozh
26,sCN_28,FPReg,0.04922223822555091,c1,gecozh
26,sCN_28,skip,0.7470113783667003,c1,gecozh
26,sCN_28,FPReg,0.05808098227219425,c2,gecozh
26,sCN_28,skip,0.32920604262950953,c2,gecozh
27,sCN_29,FPReg,0.05786468467893713,c1,gecozh
27,sCN_29,skip,0.7211075313407126,c1,gecozh
27,sCN_29,FPReg,0.07821512081060016,c2,gecozh
27,sCN_29,skip,0.3401402961808262,c2,gecozh
28,sCN_30,FPReg,0.06722598300446493,c1,gecozh
28,sCN_30,skip,0.7718925536511595,c1,gecozh
28,sCN_30,FPReg,0.1236203854271183,c2,gecozh
28,sCN_30,skip,0.4429643981593606,c2,gecozh
29,sCN_31,FPReg,0.08287345688857699,c1,gecozh
29,sCN_31,skip,0.6524610035407828,c1,gecozh
29,sCN_31,FPReg,0.08538581449727202,c2,gecozh
29,sCN_31,skip,0.36017147310989867,c2,gecozh
30,sCN_32,FPReg,0.06484948869364827,c1,gecozh
30,sCN_32,skip,0.7097436266743483,c1,gecozh
30,sCN_32,FPReg,0.09814571369265897,c2,gecozh
30,sCN_32,skip,0.2269770981803086,c2,gecozh
1,s1,FPReg,0.16848364717542122,c1,hkc
1,s1,skip,0.8165137614678899,c1,hkc
1,s1,FPReg,0.16371220020855057,c2,hkc
1,s1,skip,0.6137637301053576,c2,hkc
2,s2,FPReg,0.18335146898803048,c1,hkc
2,s2,skip,0.7412946428571429,c1,hkc
2,s2,FPReg,0.27572987319374814,c2,hkc
2,s2,skip,0.3700963909437346,c2,hkc
3,s3,FPReg,0.13102409638554216,c1,hkc
3,s3,skip,0.7520097442143727,c1,hkc
3,s3,FPReg,0.23669579030976967,c2,hkc
3,s3,skip,0.579242322349249,c2,hkc
4,s4,FPReg,0.17845117845117844,c1,hkc
4,s4,skip,0.8730787144853284,c1,hkc
4,s4,FPReg,0.2459618208516887,c2,hkc
4,s4,skip,0.6316969289396996,c2,hkc
5,s5,FPReg,0.2294314381270903,c1,hkc
5,s5,skip,0.7959944108057755,c1,hkc
5,s5,FPReg,0.22928399034593724,c2,hkc
5,s5,skip,0.6346110737502803,c2,hkc
6,s6,FPReg,0.21761883994766681,c1,hkc
6,s6,skip,0.6951412429378531,c1,hkc
6,s6,FPReg,0.26835985312117505,c2,hkc
6,s6,skip,0.4510199506837032,c2,hkc
7,s7,FPReg,0.17246835443037975,c1,hkc
7,s7,skip,0.6350446428571429,c1,hkc
7,s7,FPReg,0.24149895905621097,c2,hkc
7,s7,skip,0.45169244563999106,c2,hkc
8,s8,FPReg,0.1408355795148248,c1,hkc
8,s8,skip,0.809375,c1,hkc
8,s8,FPReg,0.17136659436008678,c2,hkc
8,s8,skip,0.5722932078009415,c2,hkc
9,s9,FPReg,0.12885154061624648,c1,hkc
9,s9,skip,0.76875,c1,hkc
9,s9,FPReg,0.17587719298245613,c2,hkc
9,s9,skip,0.6151087200179332,c2,hkc
10,s10,FPReg,0.16815476190476192,c1,hkc
10,s10,skip,0.7300571428571428,c1,hkc
10,s10,FPReg,0.2275132275132275,c2,hkc
10,s10,skip,0.39834117910782335,c2,hkc
11,s11,FPReg,0.14107883817427386,c1,hkc
11,s11,skip,0.5798857142857143,c1,hkc
11,s11,FPReg,0.18019047619047618,c2,hkc
11,s11,skip,0.49159381304640215,c2,hkc
12,s12,FPReg,0.16943127962085308,c1,hkc
12,s12,skip,0.8676571428571429,c1,hkc
12,s12,FPReg,0.2565838976674191,c2,hkc
12,s12,skip,0.6911006500784578,c2,hkc
13,s13,FPReg,0.17119341563786009,c1,hkc
13,s13,skip,0.8412774070543375,c1,hkc
13,s13,FPReg,0.14475224346468982,c2,hkc
13,s13,skip,0.47366061421206007,c2,hkc
14,s14,FPReg,0.16924910607866508,c1,hkc
14,s14,skip,0.5730027548209367,c1,hkc
14,s14,FPReg,0.14095660437123853,c2,hkc
14,s14,skip,0.33602331315848466,c2,hkc
15,s15,FPReg,0.2338877338877339,c1,hkc
15,s15,skip,0.8541374474053296,c1,hkc
15,s15,FPReg,0.277009507346586,c2,hkc
15,s15,skip,0.6821340506612867,c2,hkc
16,s16,FPReg,0.1711803781297905,c1,hkc
16,s16,skip,0.8040178571428571,c1,hkc
16,s16,FPReg,0.2459795321637427,c2,hkc
16,s16,skip,0.5290293656130912,c2,hkc
17,s17,FPReg,0.23481781376518218,c1,hkc
17,s17,skip,0.8207909604519774,c1,hkc
17,s17,FPReg,0.31126812941613985,c2,hkc
17,s17,skip,0.6377493835462901,c2,hkc
18,s18,FPReg,0.1665706051873199,c1,hkc
18,s18,skip,0.8344036697247706,c1,hkc
18,s18,FPReg,0.24493794905290658,c2,hkc
18,s18,skip,0.6379735485317194,c2,hkc
19,s19,FPReg,0.16453382084095064,c1,hkc
19,s19,skip,0.872768361581921,c1,hkc
19,s19,FPReg,0.1866866866866867,c2,hkc
19,s19,skip,0.613315400134499,c2,hkc
20,s20,FPReg,0.17141162514827996,c1,hkc
20,s20,skip,0.7971448307621459,c1,hkc
20,s20,FPReg,0.25874125874125875,c2,hkc
20,s20,skip,0.38825375476350593,c2,hkc
21,s21,FPReg,0.16868512110726644,c1,hkc
21,s21,skip,0.6745535714285714,c1,hkc
21,s21,FPReg,0.2265625,c2,hkc
21,s21,skip,0.3895987446760816,c2,hkc
22,s22,FPReg,0.2434141201264489,c1,hkc
22,s22,skip,0.6615740740740741,c1,hkc
22,s22,FPReg,0.2850931677018634,c2,hkc
22,s22,skip,0.3969961891952477,c2,hkc
23,s23,FPReg,0.19178743961352657,c1,hkc
23,s23,skip,0.6761160714285714,c1,hkc
23,s23,FPReg,0.20225838591829956,c2,hkc
23,s23,skip,0.41044608832100427,c2,hkc
24,s24,FPReg,0.14512195121951219,c1,hkc
24,s24,skip,0.8910107126222636,c1,hkc
24,s24,FPReg,0.2732704402515723,c2,hkc
24,s24,skip,0.6682358215646717,c2,hkc
25,s25,FPReg,0.2640795078088026,c1,hkc
25,s25,skip,0.7361607142857143,c1,hkc
25,s25,FPReg,0.33990641711229946,c2,hkc
25,s25,skip,0.5193902712396323,c2,hkc
26,s26,FPReg,0.11844197138314785,c1,hkc
26,s26,skip,0.8194350282485876,c1,hkc
26,s26,FPReg,0.18828792191947946,c2,hkc
26,s26,skip,0.5976238511544497,c2,hkc
27,s27,FPReg,0.19753086419753085,c1,hkc
27,s27,skip,0.821875,c1,hkc
27,s27,FPReg,0.2829854969932791,c2,hkc
27,s27,skip,0.5543600089665994,c2,hkc
28,s28,FPReg,0.18973105134474327,c1,hkc
28,s28,skip,0.7680803571428572,c1,hkc
28,s28,FPReg,0.23803718378543126,c2,hkc
28,s28,skip,0.403721138758126,c2,hkc
29,s29,FPReg,0.12778065183652354,c1,hkc
29,s29,skip,0.6984375,c1,hkc
29,s29,FPReg,0.16447876447876447,c2,hkc
29,s29,skip,0.4810580587312262,c2,hkc
30,s30,FPReg,0.20048750761730652,c1,hkc
30,s30,skip,0.7799107142857142,c1,hkc
30,s30,FPReg,0.29924528301886794,c2,hkc
30,s30,skip,0.5675857431069267,c2,hkc
31,s31,FPReg,0.1800595238095238,c1,hkc
31,s31,skip,0.8404017857142857,c1,hkc
31,s31,FPReg,0.26131293817718293,c2,hkc
31,s31,skip,0.6005379959650302,c2,hkc
32,s32,FPReg,0.18120805369127516,c1,hkc
32,s32,skip,0.8272321428571429,c1,hkc
32,s32,FPReg,0.3150977995110024,c2,hkc
32,s32,skip,0.5146828065456176,c2,hkc
33,s33,FPReg,0.16164383561643836,c1,hkc
33,s33,skip,0.8141613737944013,c1,hkc
33,s33,FPReg,0.17900973338975879,c2,hkc
33,s33,skip,0.5861914368975566,c2,hkc
34,s34,FPReg,0.16381687810259238,c1,hkc
34,s34,skip,0.8279495990836196,c1,hkc
34,s34,FPReg,0.21270903010033446,c2,hkc
34,s34,skip,0.5545841739520287,c2,hkc
35,s35,FPReg,0.24711981566820276,c1,hkc
35,s35,skip,0.7961142857142857,c1,hkc
35,s35,FPReg,0.2527098172808919,c2,hkc
35,s35,skip,0.6446984980945977,c2,hkc
36,s36,FPReg,0.16872037914691942,c1,hkc
36,s36,skip,0.7655719139297849,c1,hkc
36,s36,FPReg,0.25868621064060804,c2,hkc
36,s36,skip,0.3077785249943959,c2,hkc
37,s37,FPReg,0.22982885085574573,c1,hkc
37,s37,skip,0.7622767857142857,c1,hkc
37,s37,FPReg,0.3101155057752888,c2,hkc
37,s37,skip,0.5344093252633939,c2,hkc
38,s38,FPReg,0.21048182586644126,c1,hkc
38,s38,skip,0.5943566591422121,c1,hkc
38,s38,FPReg,0.2632302405498282,c2,hkc
38,s38,skip,0.4714189643577673,c2,hkc
39,s39,FPReg,0.19261213720316622,c1,hkc
39,s39,skip,0.8857142857142857,c1,hkc
39,s39,FPReg,0.2691095350669819,c2,hkc
39,s39,skip,0.740865276843757,c2,hkc
40,s40,FPReg,0.16204051012753187,c1,hkc
40,s40,skip,0.8015625,c1,hkc
40,s40,FPReg,0.2192916352675207,c2,hkc
40,s40,skip,0.6344061650045331,c2,hkc
41,s41,FPReg,0.1839080459770115,c1,hkc
41,s41,skip,0.8196388261851015,c1,hkc
41,s41,FPReg,0.3139029688631427,c2,hkc
41,s41,skip,0.5581708137188971,c2,hkc
42,s42,FPReg,0.25386100386100385,c1,hkc
42,s42,skip,0.6801339285714286,c1,hkc
42,s42,FPReg,0.30713101160862355,c2,hkc
42,s42,skip,0.49249047298811927,c2,hkc
43,s43,FPReg,0.16903633491311215,c1,hkc
43,s43,skip,0.6994337485843715,c1,hkc
43,s43,FPReg,0.18414029736942433,c2,hkc
43,s43,skip,0.4862138533960995,c2,hkc
44,s44,FPReg,0.22654964344487108,c1,hkc
44,s44,skip,0.8220982142857143,c1,hkc
44,s44,FPReg,0.3057567670606176,c2,hkc
44,s44,skip,0.6675633266083838,c2,hkc
45,s45,FPReg,0.13985374771480805,c1,hkc
45,s45,skip,0.6326160815402039,c1,hkc
45,s45,FPReg,0.09100719424460432,c2,hkc
45,s45,skip,0.3981170141223941,c2,hkc
46,s46,FPReg,0.1300287356321839,c1,hkc
46,s46,skip,0.84406699693323894,c1,hkc
46,s46,FPReg,0.14231642694928084,c2,hkc
46,s46,skip,0.5826047971306881,c2,hkc
47,s47,FPReg,0.15555555555555556,c1,hkc
47,s47,skip,0.8388392857142857,c1,hkc
47,s47,FPReg,0.19544364508393286,c2,hkc
47,s47,skip,0.6303519390271239,c2,hkc
48,s48,FPReg,0.1471556182416549,c1,hkc
48,s48,skip,0.8286445012787724,c1,hkc
48,s48,FPReg,0.29779179810725553,c2,hkc
48,s48,skip,0.4913696480609729,c2,hkc
49,s49,FPReg,0.162109375,c1,hkc
49,s49,skip,0.7497767857142857,c1,hkc
49,s49,FPReg,0.20895031260282987,c2,hkc
49,s49,skip,0.4259134723156243,c2,hkc
50,s50,FPReg,0.15876974231088944,c1,hkc
50,s50,skip,0.8463148105091839,c1,hkc
50,s50,FPReg,0.19404374127501164,c2,hkc
50,s50,skip,0.6319210939251289,c2,hkc
51,s51,FPReg,0.1966794380587484,c1,hkc
51,s51,skip,0.8325892857142857,c1,hkc
51,s51,FPReg,0.255249343832021,c2,hkc
51,s51,skip,0.46245236494059627,c2,hkc
52,s52,FPReg,0.1952802359882006,c1,hkc
52,s52,skip,0.7586368977673326,c1,hkc
52,s52,FPReg,0.28684995031467375,c2,hkc
52,s52,skip,0.6056937906299036,c2,hkc
53,s53,FPReg,0.23523942352394236,c1,hkc
53,s53,skip,0.7506696428571429,c1,hkc
53,s53,FPReg,0.30273189326556543,c2,hkc
53,s53,skip,0.5586191436897556,c2,hkc
54,s54,FPReg,0.14871347579590058,c1,hkc
54,s54,skip,0.6998857142857143,c1,hkc
54,s54,FPReg,0.2180214240705734,c2,hkc
54,s54,skip,0.44026003138309794,c2,hkc
55,s55,FPReg,0.18126626192541198,c1,hkc
55,s55,skip,0.8795428571428572,c1,hkc
55,s55,FPReg,0.2797325826882477,c2,hkc
55,s55,skip,0.6381977135171486,c2,hkc
56,s56,FPReg,0.23491655969191272,c1,hkc
56,s56,skip,0.7557392102846648,c1,hkc
56,s56,FPReg,0.2538860103626943,c2,hkc
56,s56,skip,0.5635507733691997,c2,hkc
57,s57,FPReg,0.22899262899262898,c1,hkc
57,s57,skip,0.800451467268623,c1,hkc
57,s57,FPReg,0.2636882767887135,c2,hkc
57,s57,skip,0.6946872898453261,c2,hkc
58,s58,FPReg,0.1596153846153846,c1,hkc
58,s58,skip,0.8611111111111112,c1,hkc
58,s58,FPReg,0.1828978622327791,c2,hkc
58,s58,skip,0.6359560636628558,c2,hkc
59,s59,FPReg,0.18844807467911318,c1,hkc
59,s59,skip,0.704411417787214,c1,hkc
59,s59,FPReg,0.23051735428945644,c2,hkc
59,s59,skip,0.5279085406859448,c2,hkc
60,s60,FPReg,0.17019867549668874,c1,hkc
60,s60,skip,0.8091517857142857,c1,hkc
60,s60,FPReg,0.2877648667122351,c2,hkc
60,s60,skip,0.537771800044833,c2,hkc
61,s61,FPReg,0.20654911838790932,c1,hkc
61,s61,skip,0.7991071428571429,c1,hkc
61,s61,FPReg,0.2488656195462478,c2,hkc
61,s61,skip,0.6516476126429052,c2,hkc
62,s62,FPReg,0.22383073496659242,c1,hkc
62,s62,skip,0.751864406779661,c1,hkc
62,s62,FPReg,0.29620661824051653,c2,hkc
62,s62,skip,0.6025554808338938,c2,hkc
63,s63,FPReg,0.15914096916299558,c1,hkc
63,s63,skip,0.8018058690744921,c1,hkc
63,s63,FPReg,0.22670690305545077,c2,hkc
63,s63,skip,0.5980721811253082,c2,hkc
64,s64,FPReg,0.2553062462098241,c1,hkc
64,s64,skip,0.7871202916160389,c1,hkc
64,s64,FPReg,0.3226676946800308,c2,hkc
64,s64,skip,0.6695808114772472,c2,hkc
65,s65,FPReg,0.16104868913857678,c1,hkc
65,s65,skip,0.7494177922682813,c1,hkc
65,s65,FPReg,0.15148305084745764,c2,hkc
65,s65,skip,0.5503250392288724,c2,hkc
66,s66,FPReg,0.11177644710578842,c1,hkc
66,s66,skip,0.70625,c1,hkc
66,s66,FPReg,0.15994387934058224,c2,hkc
66,s66,skip,0.5187177762833446,c2,hkc
67,s67,FPReg,0.2416382252559727,c1,hkc
67,s67,skip,0.8137697516930023,c1,hkc
67,s67,FPReg,0.25843588725684796,c2,hkc
67,s67,skip,0.6079354404841963,c2,hkc
68,s68,FPReg,0.1967445152158528,c1,hkc
68,s68,skip,0.7886160714285714,c1,hkc
68,s68,FPReg,0.24841269841269842,c2,hkc
68,s68,skip,0.8060972876036763,c2,hkc
69,s69,FPReg,0.1957757920389927,c1,hkc
69,s69,skip,0.8520089285714286,c1,hkc
69,s69,FPReg,0.2638061183949146,c2,hkc
69,s69,skip,0.7296570275722932,c2,hkc
70,s70,FPReg,0.19323467230443975,c1,hkc
70,s70,skip,0.8046875,c1,hkc
70,s70,FPReg,0.2486554887693768,c2,hkc
70,s70,skip,0.7092580138982291,c2,hkc
71,s71,FPReg,0.24475524475524477,c1,hkc
71,s71,skip,0.7911437366800852,c1,hkc
71,s71,FPReg,0.25573770491803277,c2,hkc
71,s71,skip,0.6070387805424793,c2,hkc
72,s72,FPReg,0.1400804289544236,c1,hkc
72,s72,skip,0.8901785714285714,c1,hkc
72,s72,FPReg,0.2126220886551465,c2,hkc
72,s72,skip,0.7381752970186057,c2,hkc
73,s73,FPReg,0.15045871559633028,c1,hkc
73,s73,skip,0.8153350218742804,c1,hkc
73,s73,FPReg,0.23079268292682928,c2,hkc
73,s73,skip,0.4602107150863035,c2,hkc
74,s74,FPReg,0.22722222222222221,c1,hkc
74,s74,skip,0.7667584940312213,c1,hkc
74,s74,FPReg,0.2650347537020248,c2,hkc
74,s74,skip,0.5830531271015468,c2,hkc
75,s75,FPReg,0.1933411214953271,c1,hkc
75,s75,skip,0.7578125,c1,hkc
75,s75,FPReg,0.23869578591202706,c2,hkc
75,s75,skip,0.4561757453485766,c2,hkc
76,s76,FPReg,0.171875,c1,hkc
76,s76,skip,0.6316964285714286,c1,hkc
76,s76,FPReg,0.2499301870985758,c2,hkc
76,s76,skip,0.3214525891055817,c2,hkc
77,s77,FPReg,0.16126084970306076,c1,hkc
77,s77,skip,0.7094174533732444,c1,hkc
77,s77,FPReg,0.22056686046511628,c2,hkc
77,s77,skip,0.5205110961667787,c2,hkc
78,s78,FPReg,0.26126558005752637,c1,hkc
78,s78,skip,0.7644485378770435,c1,hkc
78,s78,FPReg,0.3241206030150754,c2,hkc
78,s78,skip,0.6276619592019727,c2,hkc
79,s79,FPReg,0.203012912482066,c1,hkc
79,s79,skip,0.8074576271186441,c1,hkc
79,s79,FPReg,0.24328414680287552,c2,hkc
79,s79,skip,0.6198830409356725,c2,hkc
80,s80,FPReg,0.15745501285347044,c1,hkc
80,s80,skip,0.7631696428571428,c1,hkc
80,s80,FPReg,0.25369380697893745,c2,hkc
80,s80,skip,0.44967496077112756,c2,hkc
81,s81,FPReg,0.20683111954459202,c1,hkc
81,s81,skip,0.8079668431959475,c1,hkc
81,s81,FPReg,0.2646370023419204,c2,hkc
81,s81,skip,0.6897556601658821,c2,hkc
82,s82,FPReg,0.1501818181818182,c1,hkc
82,s82,skip,0.5505643340857788,c1,hkc
82,s82,FPReg,0.22573426573426572,c2,hkc
82,s82,skip,0.2884571944883668,c2,hkc
83,s83,FPReg,0.2832618025751073,c1,hkc
83,s83,skip,0.6963496861195071,c1,hkc
83,s83,FPReg,0.34577603143418467,c2,hkc
83,s83,skip,0.5518941941268773,c2,hkc
84,s84,FPReg,0.14721254355400698,c1,hkc
84,s84,skip,0.8192493667971449,c1,hkc
84,s84,FPReg,0.2071376011773363,c2,hkc
84,s84,skip,0.48957632817753866,c2,hkc
85,s85,FPReg,0.18039482641252552,c1,hkc
85,s85,skip,0.8064516129032258,c1,hkc
85,s85,FPReg,0.22087813620071683,c2,hkc
85,s85,skip,0.7036538892624972,c2,hkc
86,s86,FPReg,0.24807527801539778,c1,hkc
86,s86,skip,0.8206309002993323,c1,hkc
86,s86,FPReg,0.21260541500221927,c2,hkc
86,s86,skip,0.5958305312710155,c2,hkc
87,s87,FPReg,0.14859658778205834,c1,hkc
87,s87,skip,0.7781402936378466,c1,hkc
87,s87,FPReg,0.183125,c2,hkc
87,s87,skip,0.3425240977359337,c2,hkc
88,s88,FPReg,0.2033686837180287,c1,hkc
88,s88,skip,0.8041142857142857,c1,hkc
88,s88,FPReg,0.2720779220779221,c2,hkc
88,s88,skip,0.5301501905402376,c2,hkc
89,s89,FPReg,0.2831345826235094,c1,hkc
89,s89,skip,0.5742897065673032,c1,hkc
89,s89,FPReg,0.3412698412698413,c2,hkc
89,s89,skip,0.4631248598968841,c2,hkc
90,s90,FPReg,0.17771883289124668,c1,hkc
90,s90,skip,0.8208,c1,hkc
90,s90,FPReg,0.207425068119891,c2,hkc
90,s90,skip,0.7009639094373459,c2,hkc
91,s91,FPReg,0.13004846526655897,c1,hkc
91,s91,skip,0.8291196388261851,c1,hkc
91,s91,FPReg,0.1808066759388039,c2,hkc
91,s91,skip,0.6568034073077785,c2,hkc
92,s92,FPReg,0.16859716859716858,c1,hkc
92,s92,skip,0.6516690856313497,c1,hkc
92,s92,FPReg,0.2566897918731417,c2,hkc
92,s92,skip,0.48195471867294326,c2,hkc
93,s93,FPReg,0.22873194221508827,c1,hkc
93,s93,skip,0.7952434881087203,c1,hkc
93,s93,FPReg,0.2675600739371534,c2,hkc
93,s93,skip,0.6204886796682358,c2,hkc
94,s94,FPReg,0.13109935332157555,c1,hkc
94,s94,skip,0.7616252821670428,c1,hkc
94,s94,FPReg,0.1939189189189189,c2,hkc
94,s94,skip,0.4729881192557722,c2,hkc
95,s95,FPReg,0.14504716981132076,c1,hkc
95,s95,skip,0.7094857142857143,c1,hkc
95,s95,FPReg,0.24360033030553263,c2,hkc
95,s95,skip,0.624747814391392,c2,hkc
96,s96,FPReg,0.1449044585987261,c1,hkc
96,s96,skip,0.609286523216308,c1,hkc
96,s96,FPReg,0.23449419568822555,c2,hkc
96,s96,skip,0.4238959874467608,c2,hkc
97,s97,FPReg,0.27461139896373055,c1,hkc
97,s97,skip,0.7296799447386599,c1,hkc
97,s97,FPReg,0.31985535831689677,c2,hkc
97,s97,skip,0.6272136292311141,c2,hkc
98,s98,FPReg,0.16897347174163782,c1,hkc
98,s98,skip,0.7279017857142858,c1,hkc
98,s98,FPReg,0.19717688575209527,c2,hkc
98,s98,skip,0.5960546962564447,c2,hkc
1,l1_161,FPReg,0.03618711385701677,c1,onestop
1,l1_161,skip,0.7731685789938217,c1,onestop
1,l1_161,FPReg,0.10061782877316858,c2,onestop
1,l1_161,skip,0.47219770520741394,c2,onestop
2,l1_168,FPReg,0.054240631163708086,c1,onestop
2,l1_168,skip,0.47830374753451677,c1,onestop
2,l1_168,FPReg,0.09960552268244575,c2,onestop
2,l1_168,skip,0.3629191321499014,c2,onestop
3,l1_322,FPReg,0.03576751117734724,c1,onestop
3,l1_322,skip,0.589418777943368,c1,onestop
3,l1_322,FPReg,0.07675111773472429,c2,onestop
3,l1_322,skip,0.2406855439642325,c2,onestop
4,l10_202,FPReg,0.06370070778564206,c1,onestop
4,l10_202,skip,0.49848331648129424,c1,onestop
4,l10_202,FPReg,0.0839231547017189,c2,onestop
4,l10_202,skip,0.25783619817997977,c2,onestop
5,l10_269,FPReg,0.06666666666666667,c1,onestop
5,l10_269,skip,0.4567901234567901,c1,onestop
5,l10_269,FPReg,0.11358024691358025,c2,onestop
5,l10_269,skip,0.36872427983539097,c2,onestop
6,l10_341,FPReg,0.05451127819548872,c1,onestop
6,l10_341,skip,0.6456766917293233,c1,onestop
6,l10_341,FPReg,0.07800751879699248,c2,onestop
6,l10_341,skip,0.5234962406015038,c2,onestop
7,l11_205,FPReg,0.05669481302774427,c1,onestop
7,l11_205,skip,0.6079613992762364,c1,onestop
7,l11_205,FPReg,0.1097708082026538,c2,onestop
7,l11_205,skip,0.4149577804583836,c2,onestop
8,l11_344,FPReg,0.08722264728385616,c1,onestop
8,l11_344,skip,0.5432287681713849,c1,onestop
8,l11_344,FPReg,0.1262433052792655,c2,onestop
8,l11_344,skip,0.4560061208875287,c2,onestop
9,l11_91,FPReg,0.06706792777300086,c1,onestop
9,l11_91,skip,0.5417024935511608,c1,onestop
9,l11_91,FPReg,0.1298366294067068,c2,onestop
9,l11_91,skip,0.38005159071367156,c2,onestop
10,l12_207,FPReg,0.10720268006700168,c1,onestop
10,l12_207,skip,0.304857621440536,c1,onestop
10,l12_207,FPReg,0.1273031825795645,c2,onestop
10,l12_207,skip,0.24204355108877723,c2,onestop
11,l12_345,FPReg,0.12038664323374342,c1,onestop
11,l12_345,skip,0.4112478031634446,c1,onestop
11,l12_345,FPReg,0.1634446397188049,c2,onestop
11,l12_345,skip,0.26537785588752194,c2,onestop
12,l12_92,FPReg,0.0831353919239905,c1,onestop
12,l12_92,skip,0.5344418052256532,c1,onestop
12,l12_92,FPReg,0.12034837688044339,c2,onestop
12,l12_92,skip,0.3238321456848773,c2,onestop
13,l13_213,FPReg,0.09633418584825235,c1,onestop
13,l13_213,skip,0.3955669224211424,c1,onestop
13,l13_213,FPReg,0.1432225063938619,c2,onestop
13,l13_213,skip,0.3069053708439898,c2,onestop
14,l13_348,FPReg,0.09552042160737813,c1,onestop
14,l13_348,skip,0.40843214756258234,c1,onestop
14,l13_348,FPReg,0.1482213438735178,c2,onestop
14,l13_348,skip,0.2740447957839262,c2,onestop
15,l13_93,FPReg,0.06569343065693431,c1,onestop
15,l13_93,skip,0.5276329509906152,c1,onestop
15,l13_93,FPReg,0.132429614181439,c2,onestop
15,l13_93,skip,0.33889468196037537,c2,onestop
16,l14_352,FPReg,0.14012184508268058,c1,onestop
16,l14_352,skip,0.3202785030461271,c1,onestop
16,l14_352,FPReg,0.16884247171453437,c2,onestop
16,l14_352,skip,0.2558746736292428,c2,onestop
17,l14_527,FPReg,0.0742811501597444,c1,onestop
17,l14_527,skip,0.38578274760383385,c1,onestop
17,l14_527,FPReg,0.134185303514377,c2,onestop
17,l14_527,skip,0.23722044728434505,c2,onestop
18,l14_94,FPReg,0.027450980392156862,c1,onestop
18,l14_94,skip,0.41333333333333333,c1,onestop
18,l14_94,FPReg,0.06352941176470588,c2,onestop
18,l14_94,skip,0.3058823529411765,c2,onestop
19,l15_210,FPReg,0.05110132158590308,c1,onestop
19,l15_210,skip,0.6511013215859031,c1,onestop
19,l15_210,FPReg,0.08722466960352424,c2,onestop
19,l15_210,skip,0.4572687224669604,c2,onestop
20,l15_350,FPReg,0.08533077660594439,c1,onestop
20,l15_350,skip,0.35186960690316393,c1,onestop
20,l15_350,FPReg,0.12272291466922339,c2,onestop
20,l15_350,skip,0.3068072866730585,c2,onestop
21,l15_95,FPReg,0.045188284518828455,c1,onestop
21,l15_95,skip,0.42426778242677826,c1,onestop
21,l15_95,FPReg,0.06527196652719665,c2,onestop
21,l15_95,skip,0.3514644351464435,c2,onestop
22,l16_218,FPReg,0.0954861111111111,c1,onestop
22,l16_218,skip,0.5564236111111112,c1,onestop
22,l16_218,FPReg,0.13020833333333334,c2,onestop
22,l16_218,skip,0.4366319444444444,c2,onestop
23,l16_354,FPReg,0.07732406602953953,c1,onestop
23,l16_354,skip,0.5099913119026933,c1,onestop
23,l16_354,FPReg,0.1268462206776716,c2,onestop
23,l16_354,skip,0.34404865334491747,c2,onestop
24,l16_96,FPReg,0.10083396512509477,c1,onestop
24,l16_96,skip,0.4874905231235785,c1,onestop
24,l16_96,FPReg,0.14025777103866566,c2,onestop
24,l16_96,skip,0.34420015163002277,c2,onestop
25,l17_219,FPReg,0.0499637943519189,c1,onestop
25,l17_219,skip,0.44170890658942796,c1,onestop
25,l17_219,FPReg,0.10861694424330195,c2,onestop
25,l17_219,skip,0.24837074583635046,c2,onestop
26,l17_356,FPReg,0.11175898931000972,c1,onestop
26,l17_356,skip,0.4489795918367347,c1,onestop
26,l17_356,FPReg,0.13313896987366375,c2,onestop
26,l17_356,skip,0.4139941690962099,c2,onestop
27,l17_98,FPReg,0.11694915254237288,c1,onestop
27,l17_98,skip,0.34152542372881356,c1,onestop
27,l17_98,FPReg,0.12966101694915255,c2,onestop
27,l17_98,skip,0.31610169491525425,c2,onestop
28,l18_220,FPReg,0.09859154929577464,c1,onestop
28,l18_220,skip,0.3904538341158059,c1,onestop
28,l18_220,FPReg,0.19561815336463223,c2,onestop
28,l18_220,skip,0.28012519561815336,c2,onestop
29,l18_449,FPReg,0.10118505013673655,c1,onestop
29,l18_449,skip,0.38012762078395623,c1,onestop
29,l18_449,FPReg,0.1422060164083865,c2,onestop
29,l18_449,skip,0.2889699179580675,c2,onestop
30,l18_99,FPReg,0.06396255850234009,c1,onestop
30,l18_99,skip,0.5585023400936038,c1,onestop
30,l18_99,FPReg,0.10686427457098284,c2,onestop
30,l18_99,skip,0.3463338533541342,c2,onestop
31,l19_100,FPReg,0.04913557779799818,c1,onestop
31,l19_100,skip,0.5823475887170154,c1,onestop
31,l19_100,FPReg,0.13102820746132848,c2,onestop
31,l19_100,skip,0.267515923566879,c2,onestop
32,l19_230,FPReg,0.06296851574212893,c1,onestop
32,l19_230,skip,0.49775112443778113,c1,onestop
32,l19_230,FPReg,0.095952023988006,c2,onestop
32,l19_230,skip,0.3373313343328336,c2,onestop
33,l19_365,FPReg,0.06934594168636722,c1,onestop
33,l19_365,skip,0.5460992907801419,c1,onestop
33,l19_365,FPReg,0.11662726556343578,c2,onestop
33,l19_365,skip,0.4144996059889677,c2,onestop
34,l2_165,FPReg,0.0788224121557455,c1,onestop
34,l2_165,skip,0.43874643874643876,c1,onestop
34,l2_165,FPReg,0.10731244064577398,c2,onestop
34,l2_165,skip,0.3067426400759734,c2,onestop
35,l2_174,FPReg,0.03862660944206009,c1,onestop
35,l2_174,skip,0.5364806866952789,c1,onestop
35,l2_174,FPReg,0.04935622317596566,c2,onestop
35,l2_174,skip,0.4978540772532189,c2,onestop
36,l2_324,FPReg,0.02743362831858407,c1,onestop
36,l2_324,skip,0.7707964601769911,c1,onestop
36,l2_324,FPReg,0.061946902654867256,c2,onestop
36,l2_324,skip,0.6176991150442478,c2,onestop
37,l20_101,FPReg,0.10574712643678161,c1,onestop
37,l20_101,skip,0.503448275862069,c1,onestop
37,l20_101,FPReg,0.1482758620689655,c2,onestop
37,l20_101,skip,0.3333333333333333,c2,onestop
38,l20_253,FPReg,0.07540983606557378,c1,onestop
38,l20_253,skip,0.3366120218579235,c1,onestop
38,l20_253,FPReg,0.1092896174863388,c2,onestop
38,l20_253,skip,0.1989071038251366,c2,onestop
39,l20_362,FPReg,0.07104795737122557,c1,onestop
39,l20_362,skip,0.5381882770870338,c1,onestop
39,l20_362,FPReg,0.09591474245115453,c2,onestop
39,l20_362,skip,0.4866785079928952,c2,onestop
40,l21_102,FPReg,0.06451612903225806,c1,onestop
40,l21_102,skip,0.5279569892473118,c1,onestop
40,l21_102,FPReg,0.06451612903225806,c2,onestop
40,l21_102,skip,0.45698924731182794,c2,onestop
41,l21_232,FPReg,0.09282296650717703,c1,onestop
41,l21_232,skip,0.48325358851674644,c1,onestop
41,l21_232,FPReg,0.1215311004784689,c2,onestop
41,l21_232,skip,0.4277511961722488,c2,onestop
42,l21_366,FPReg,0.07362459546925566,c1,onestop
42,l21_366,skip,0.6027508090614887,c1,onestop
42,l21_366,FPReg,0.10275080906148867,c2,onestop
42,l21_366,skip,0.3470873786407767,c2,onestop
43,l22_103,FPReg,0.048330404217926184,c1,onestop
43,l22_103,skip,0.6458699472759226,c1,onestop
43,l22_103,FPReg,0.09490333919156414,c2,onestop
43,l22_103,skip,0.4446397188049209,c2,onestop
44,l22_233,FPReg,0.09062980030721966,c1,onestop
44,l22_233,skip,0.3847926267281106,c1,onestop
44,l22_233,FPReg,0.1259600614439324,c2,onestop
44,l22_233,skip,0.21121351766513058,c2,onestop
45,l22_367,FPReg,0.06076975016880486,c1,onestop
45,l22_367,skip,0.5786630654962863,c1,onestop
45,l22_367,FPReg,0.0925050641458474,c2,onestop
45,l22_367,skip,0.3835246455097907,c2,onestop
46,l23_234,FPReg,0.08962264150943396,c1,onestop
46,l23_234,skip,0.4877358490566038,c1,onestop
46,l23_234,FPReg,0.12452830188679245,c2,onestop
46,l23_234,skip,0.42924528301886794,c2,onestop
47,l23_368,FPReg,0.09451476793248945,c1,onestop
47,l23_368,skip,0.4312236286919831,c1,onestop
47,l23_368,FPReg,0.10464135021097046,c2,onestop
47,l23_368,skip,0.3459915611814346,c2,onestop
48,l23_97,FPReg,0.100990099009901,c1,onestop
48,l23_97,skip,0.4524752475247525,c1,onestop
48,l23_97,FPReg,0.1306930693069307,c2,onestop
48,l23_97,skip,0.3722772277227723,c2,onestop
49,l24_105,FPReg,0.07186858316221766,c1,onestop
49,l24_105,skip,0.48357289527720737,c1,onestop
49,l24_105,FPReg,0.13963039014373715,c2,onestop
49,l24_105,skip,0.3275154004106776,c2,onestop
50,l24_241,FPReg,0.09740259740259741,c1,onestop
50,l24_241,skip,0.4332096474953618,c1,onestop
50,l24_241,FPReg,0.1326530612244898,c2,onestop
50,l24_241,skip,0.29777365491651203,c2,onestop
51,l24_372,FPReg,0.08903544929925804,c1,onestop
51,l24_372,skip,0.460840890354493,c1,onestop
51,l24_372,FPReg,0.12860676009892827,c2,onestop
51,l24_372,skip,0.36356141797197034,c2,onestop
52,l25_106,FPReg,0.03908045977011494,c1,onestop
52,l25_106,skip,0.6475095785440613,c1,onestop
52,l25_106,FPReg,0.09425287356321839,c2,onestop
52,l25_106,skip,0.4337164750957854,c2,onestop
53,l25_243,FPReg,0.06033717834960071,c1,onestop
53,l25_243,skip,0.42058562555456963,c1,onestop
53,l25_243,FPReg,0.06299911268855368,c2,onestop
53,l25_243,skip,0.3673469387755102,c2,onestop
54,l25_373,FPReg,0.14009661835748793,c1,onestop
54,l25_373,skip,0.41932367149758454,c1,onestop
54,l25_373,FPReg,0.1681159420289855,c2,onestop
54,l25_373,skip,0.30434782608695654,c2,onestop
55,l26_107,FPReg,0.07815442561205273,c1,onestop
55,l26_107,skip,0.6789077212806026,c1,onestop
55,l26_107,FPReg,0.08097928436911488,c2,onestop
55,l26_107,skip,0.5969868173258004,c2,onestop
56,l26_244,FPReg,0.08193832599118943,c1,onestop
56,l26_244,skip,0.35066079295154184,c1,onestop
56,l26_244,FPReg,0.11629955947136564,c2,onestop
56,l26_244,skip,0.226431718061674,c2,onestop
57,l26_375,FPReg,0.0818937939859245,c1,onestop
57,l26_375,skip,0.4088291746641075,c1,onestop
57,l26_375,FPReg,0.1561100447856686,c2,onestop
57,l26_375,skip,0.32117722328854764,c2,onestop
58,l27_108,FPReg,0.04272151898734177,c1,onestop
58,l27_108,skip,0.5625,c1,onestop
58,l27_108,FPReg,0.07515822784810126,c2,onestop
58,l27_108,skip,0.39794303797468356,c2,onestop
59,l27_245,FPReg,0.06987227648384674,c1,onestop
59,l27_245,skip,0.6724267468069121,c1,onestop
59,l27_245,FPReg,0.18181818181818182,c2,onestop
59,l27_245,skip,0.3456048084147258,c2,onestop
60,l27_378,FPReg,0.07187993680884676,c1,onestop
60,l27_378,skip,0.5545023696682464,c1,onestop
60,l27_378,FPReg,0.14928909952606634,c2,onestop
60,l27_378,skip,0.330173775671406,c2,onestop
61,l28_246,FPReg,0.12057877813504823,c1,onestop
61,l28_246,skip,0.3987138263665595,c1,onestop
61,l28_246,FPReg,0.1752411575562701,c2,onestop
61,l28_246,skip,0.2934083601286174,c2,onestop
62,l28_380,FPReg,0.017006802721088437,c1,onestop
62,l28_380,skip,0.7517006802721088,c1,onestop
62,l28_380,FPReg,0.08503401360544217,c2,onestop
62,l28_380,skip,0.40476190476190477,c2,onestop
63,l28_495,FPReg,0.05333333333333334,c1,onestop
63,l28_495,skip,0.6453333333333333,c1,onestop
63,l28_495,FPReg,0.08977777777777778,c2,onestop
63,l28_495,skip,0.5591111111111111,c2,onestop
64,l29_110,FPReg,0.046209386281588445,c1,onestop
64,l29_110,skip,0.5458483754512635,c1,onestop
64,l29_110,FPReg,0.07725631768953069,c2,onestop
64,l29_110,skip,0.38267148014440433,c2,onestop
65,l29_248,FPReg,0.08565737051792828,c1,onestop
65,l29_248,skip,0.47410358565737054,c1,onestop
65,l29_248,FPReg,0.13047808764940239,c2,onestop
65,l29_248,skip,0.2848605577689243,c2,onestop
66,l29_454,FPReg,0.09417040358744394,c1,onestop
66,l29_454,skip,0.24753363228699551,c1,onestop
66,l29_454,FPReg,0.12914798206278028,c2,onestop
66,l29_454,skip,0.18206278026905828,c2,onestop
67,l3_167,FPReg,0.07053571428571428,c1,onestop
67,l3_167,skip,0.5303571428571429,c1,onestop
67,l3_167,FPReg,0.12142857142857143,c2,onestop
67,l3_167,skip,0.36964285714285716,c2,onestop
68,l3_265,FPReg,0.05291479820627803,c1,onestop
68,l3_265,skip,0.6269058295964126,c1,onestop
68,l3_265,FPReg,0.09596412556053811,c2,onestop
68,l3_265,skip,0.3919282511210762,c2,onestop
69,l3_327,FPReg,0.07952468007312614,c1,onestop
69,l3_327,skip,0.5255941499085923,c1,onestop
69,l3_327,FPReg,0.10511882998171847,c2,onestop
69,l3_327,skip,0.4186471663619744,c2,onestop
70,l30_111,FPReg,0.04526748971193416,c1,onestop
70,l30_111,skip,0.7242798353909465,c1,onestop
70,l30_111,FPReg,0.08806584362139917,c2,onestop
70,l30_111,skip,0.5292181069958848,c2,onestop
71,l30_254,FPReg,0.08897876643073811,c1,onestop
71,l30_254,skip,0.32861476238624876,c1,onestop
71,l30_254,FPReg,0.10212335692618807,c2,onestop
71,l30_254,skip,0.23761375126390294,c2,onestop
72,l30_386,FPReg,0.07800751879699248,c1,onestop
72,l30_386,skip,0.48120300751879697,c1,onestop
72,l30_386,FPReg,0.1080827067669173,c2,onestop
72,l30_386,skip,0.3609022556390977,c2,onestop
73,l31_112,FPReg,0.10173913043478261,c1,onestop
73,l31_112,skip,0.42782608695652175,c1,onestop
73,l31_112,FPReg,0.1608695652173913,c2,onestop
73,l31_112,skip,0.27652173913043476,c2,onestop
74,l31_257,FPReg,0.1265004616805171,c1,onestop
74,l31_257,skip,0.28901200369344415,c1,onestop
74,l31_257,FPReg,0.15420129270544783,c2,onestop
74,l31_257,skip,0.21144967682363805,c2,onestop
75,l31_388,FPReg,0.10402999062792877,c1,onestop
75,l31_388,skip,0.2858481724461106,c1,onestop
75,l31_388,FPReg,0.13402061855670103,c2,onestop
75,l31_388,skip,0.1949390815370197,c2,onestop
76,l32_263,FPReg,0.024892703862660945,c1,onestop
76,l32_263,skip,0.6592274678111588,c1,onestop
76,l32_263,FPReg,0.06952789699570816,c2,onestop
76,l32_263,skip,0.3905579399141631,c2,onestop
77,l32_390,FPReg,0.08718330849478391,c1,onestop
77,l32_390,skip,0.4940387481371088,c1,onestop
77,l32_390,FPReg,0.1855439642324888,c2,onestop
77,l32_390,skip,0.2496274217585693,c2,onestop
78,l32_502,FPReg,0.07012487992315082,c1,onestop
78,l32_502,skip,0.49951969260326606,c1,onestop
78,l32_502,FPReg,0.07780979827089338,c2,onestop
78,l32_502,skip,0.44284341978866476,c2,onestop
79,l33_115,FPReg,0.06053639846743295,c1,onestop
79,l33_115,skip,0.4689655172413793,c1,onestop
79,l33_115,FPReg,0.08199233716475096,c2,onestop
79,l33_115,skip,0.3624521072796935,c2,onestop
80,l33_276,FPReg,0.07187222715173026,c1,onestop
80,l33_276,skip,0.5297249334516415,c1,onestop
80,l33_276,FPReg,0.12244897959183673,c2,onestop
80,l33_276,skip,0.29547471162378,c2,onestop
81,l33_515,FPReg,0.07053140096618357,c1,onestop
81,l33_515,skip,0.421256038647343,c1,onestop
81,l33_515,FPReg,0.09082125603864734,c2,onestop
81,l33_515,skip,0.3468599033816425,c2,onestop
82,l34_116,FPReg,0.08641975308641975,c1,onestop
82,l34_116,skip,0.26038159371492703,c1,onestop
82,l34_116,FPReg,0.09539842873176206,c2,onestop
82,l34_116,skip,0.21773288439955107,c2,onestop
83,l34_277,FPReg,0.0384180790960452,c1,onestop
83,l34_277,skip,0.38192090395480227,c1,onestop
83,l34_277,FPReg,0.0768361581920904,c2,onestop
83,l34_277,skip,0.28700564971751413,c2,onestop
84,l34_398,FPReg,0.11284335560504825,c1,onestop
84,l34_398,skip,0.504083147735709,c1,onestop
84,l34_398,FPReg,0.14402375649591687,c2,onestop
84,l34_398,skip,0.39123979213066074,c2,onestop
85,l35_118,FPReg,0.11101694915254237,c1,onestop
85,l35_118,skip,0.3822033898305085,c1,onestop
85,l35_118,FPReg,0.15423728813559323,c2,onestop
85,l35_118,skip,0.17288135593220338,c2,onestop
86,l35_278,FPReg,0.08608205953338696,c1,onestop
86,l35_278,skip,0.5985518905872889,c1,onestop
86,l35_278,FPReg,0.1166532582461786,c2,onestop
86,l35_278,skip,0.48753016894609813,c2,onestop
87,l35_399,FPReg,0.04909560723514212,c1,onestop
87,l35_399,skip,0.5529715762273901,c1,onestop
87,l35_399,FPReg,0.07579672695951765,c2,onestop
87,l35_399,skip,0.39018087855297157,c2,onestop
88,l36_119,FPReg,0.10654205607476636,c1,onestop
88,l36_119,skip,0.3514018691588785,c1,onestop
88,l36_119,FPReg,0.11775700934579439,c2,onestop
88,l36_119,skip,0.29906542056074764,c2,onestop
89,l36_280,FPReg,0.05478260869565217,c1,onestop
89,l36_280,skip,0.6652173913043479,c1,onestop
89,l36_280,FPReg,0.06521739130434782,c2,onestop
89,l36_280,skip,0.5330434782608696,c2,onestop
90,l36_400,FPReg,0.07089151450053706,c1,onestop
90,l36_400,skip,0.43609022556390975,c1,onestop
90,l36_400,FPReg,0.11922663802363051,c2,onestop
90,l36_400,skip,0.29430719656283566,c2,onestop
91,l37_120,FPReg,0.04666666666666667,c1,onestop
91,l37_120,skip,0.677037037037037,c1,onestop
91,l37_120,FPReg,0.08962962962962963,c2,onestop
91,l37_120,skip,0.4222222222222222,c2,onestop
92,l37_401,FPReg,0.07793345008756568,c1,onestop
92,l37_401,skip,0.4273204903677758,c1,onestop
92,l37_401,FPReg,0.09544658493870403,c2,onestop
92,l37_401,skip,0.37040280210157617,c2,onestop
93,l37_534,FPReg,0.06340057636887608,c1,onestop
93,l37_534,skip,0.5917387127761767,c1,onestop
93,l37_534,FPReg,0.1037463976945245,c2,onestop
93,l37_534,skip,0.4610951008645533,c2,onestop
94,l38_121,FPReg,0.0621683093252464,c1,onestop
94,l38_121,skip,0.6512509476876421,c1,onestop
94,l38_121,FPReg,0.14480667172100076,c2,onestop
94,l38_121,skip,0.4048521607278241,c2,onestop
95,l38_282,FPReg,0.1032986111111111,c1,onestop
95,l38_282,skip,0.4869791666666667,c1,onestop
95,l38_282,FPReg,0.15711805555555555,c2,onestop
95,l38_282,skip,0.328125,c2,onestop
96,l38_402,FPReg,0.04257167680278019,c1,onestop
96,l38_402,skip,0.4769765421372719,c1,onestop
96,l38_402,FPReg,0.07298001737619461,c2,onestop
96,l38_402,skip,0.2536924413553432,c2,onestop
97,l39_125,FPReg,0.12173913043478261,c1,onestop
97,l39_125,skip,0.3947826086956522,c1,onestop
97,l39_125,FPReg,0.17739130434782607,c2,onestop
97,l39_125,skip,0.21391304347826087,c2,onestop
98,l39_299,FPReg,0.03931203931203931,c1,onestop
98,l39_299,skip,0.5389025389025389,c1,onestop
98,l39_299,FPReg,0.07698607698607698,c2,onestop
98,l39_299,skip,0.3832923832923833,c2,onestop
99,l39_404,FPReg,0.052294557097118465,c1,onestop
99,l39_404,skip,0.6606189967982924,c1,onestop
99,l39_404,FPReg,0.08858057630736393,c2,onestop
99,l39_404,skip,0.4535752401280683,c2,onestop
100,l4_172,FPReg,0.16785714285714284,c1,onestop
100,l4_172,skip,0.40267857142857144,c1,onestop
100,l4_172,FPReg,0.16964285714285715,c2,onestop
100,l4_172,skip,0.35,c2,onestop
101,l4_331,FPReg,0.044309296264118156,c1,onestop
101,l4_331,skip,0.6516072980017377,c1,onestop
101,l4_331,FPReg,0.07558644656820157,c2,onestop
101,l4_331,skip,0.45612510860121636,c2,onestop
102,l4_80,FPReg,0.021998166819431713,c1,onestop
102,l4_80,skip,0.7277726856095326,c1,onestop
102,l4_80,FPReg,0.04674610449129239,c2,onestop
102,l4_80,skip,0.48854262144821264,c2,onestop
103,l40_127,FPReg,0.10934579439252337,c1,onestop
103,l40_127,skip,0.4093457943925234,c1,onestop
103,l40_127,FPReg,0.1616822429906542,c2,onestop
103,l40_127,skip,0.30280373831775703,c2,onestop
104,l40_300,FPReg,0.030434782608695653,c1,onestop
104,l40_300,skip,0.5973913043478261,c1,onestop
104,l40_300,FPReg,0.06434782608695652,c2,onestop
104,l40_300,skip,0.38956521739130434,c2,onestop
105,l40_458,FPReg,0.07518796992481203,c1,onestop
105,l40_458,skip,0.49301825993555315,c1,onestop
105,l40_458,FPReg,0.08055853920515575,c2,onestop
105,l40_458,skip,0.4317937701396348,c2,onestop
106,l41_129,FPReg,0.15511265164644714,c1,onestop
106,l41_129,skip,0.2833622183708839,c1,onestop
106,l41_129,FPReg,0.1559792027729636,c2,onestop
106,l41_129,skip,0.2668977469670711,c2,onestop
107,l41_303,FPReg,0.05564142194744977,c1,onestop
107,l41_303,skip,0.5873261205564142,c1,onestop
107,l41_303,FPReg,0.09659969088098919,c2,onestop
107,l41_303,skip,0.384080370942813,c2,onestop
108,l41_408,FPReg,0.06489945155393052,c1,onestop
108,l41_408,skip,0.5255941499085923,c1,onestop
108,l41_408,FPReg,0.08592321755027423,c2,onestop
108,l41_408,skip,0.48171846435100546,c2,onestop
109,l42_290,FPReg,0.03254769921436588,c1,onestop
109,l42_290,skip,0.8338945005611672,c1,onestop
109,l42_290,FPReg,0.08978675645342311,c2,onestop
109,l42_290,skip,0.5488215488215489,c2,onestop
110,l42_308,FPReg,0.062146892655367235,c1,onestop
110,l42_308,skip,0.6338983050847458,c1,onestop
110,l42_308,FPReg,0.14124293785310735,c2,onestop
110,l42_308,skip,0.3864406779661017,c2,onestop
111,l42_459,FPReg,0.042316258351893093,c1,onestop
111,l42_459,skip,0.6703786191536748,c1,onestop
111,l42_459,FPReg,0.08092056421677803,c2,onestop
111,l42_459,skip,0.46770601336302897,c2,onestop
112,l43_131,FPReg,0.046242774566473986,c1,onestop
112,l43_131,skip,0.6502890173410405,c1,onestop
112,l43_131,FPReg,0.08766859344894026,c2,onestop
112,l43_131,skip,0.4836223506743738,c2,onestop
113,l43_310,FPReg,0.03785780240073869,c1,onestop
113,l43_310,skip,0.7848568790397045,c1,onestop
113,l43_310,FPReg,0.12557710064635272,c2,onestop
113,l43_310,skip,0.3314866112650046,c2,onestop
114,l43_413,FPReg,0.10299769408147579,c1,onestop
114,l43_413,skip,0.5149884704073789,c1,onestop
114,l43_413,FPReg,0.13604919292851653,c2,onestop
114,l43_413,skip,0.40507302075326673,c2,onestop
115,l44_291,FPReg,0.06076923076923077,c1,onestop
115,l44_291,skip,0.56,c1,onestop
115,l44_291,FPReg,0.14307692307692307,c2,onestop
115,l44_291,skip,0.18923076923076923,c2,onestop
116,l44_312,FPReg,0.10955056179775281,c1,onestop
116,l44_312,skip,0.5205992509363296,c1,onestop
116,l44_312,FPReg,0.16104868913857678,c2,onestop
116,l44_312,skip,0.4110486891385768,c2,onestop
117,l44_414,FPReg,0.04697986577181208,c1,onestop
117,l44_414,skip,0.5411073825503355,c1,onestop
117,l44_414,FPReg,0.07550335570469799,c2,onestop
117,l44_414,skip,0.3565436241610738,c2,onestop
118,l45_135,FPReg,0.04218362282878412,c1,onestop
118,l45_135,skip,0.43424317617866004,c1,onestop
118,l45_135,FPReg,0.058726220016542596,c2,onestop
118,l45_135,skip,0.3904052936311001,c2,onestop
119,l45_415,FPReg,0.12907702984038863,c1,onestop
119,l45_415,skip,0.27133934767522555,c1,onestop
119,l45_415,FPReg,0.14295628036086053,c2,onestop
119,l45_415,skip,0.23455933379597502,c2,onestop
120,l45_543,FPReg,0.04157549234135667,c1,onestop
120,l45_543,skip,0.7206418672501823,c1,onestop
120,l45_543,FPReg,0.099927060539752,c2,onestop
120,l45_543,skip,0.45951859956236324,c2,onestop
121,l46_137,FPReg,0.12692307692307692,c1,onestop
121,l46_137,skip,0.4125,c1,onestop
121,l46_137,FPReg,0.10384615384615385,c2,onestop
121,l46_137,skip,0.36730769230769234,c2,onestop
122,l46_2096,FPReg,0.03305785123966942,c1,onestop
122,l46_2096,skip,0.7429752066115702,c1,onestop
122,l46_2096,FPReg,0.07851239669421488,c2,onestop
122,l46_2096,skip,0.5537190082644629,c2,onestop
123,l46_317,FPReg,0.06483300589390963,c1,onestop
123,l46_317,skip,0.5785854616895875,c1,onestop
123,l46_317,FPReg,0.08153241650294696,c2,onestop
123,l46_317,skip,0.481335952848723,c2,onestop
124,l47_138,FPReg,0.055505004549590536,c1,onestop
124,l47_138,skip,0.5859872611464968,c1,onestop
124,l47_138,FPReg,0.08917197452229299,c2,onestop
124,l47_138,skip,0.4585987261146497,c2,onestop
125,l47_319,FPReg,0.10869565217391304,c1,onestop
125,l47_319,skip,0.5543478260869565,c1,onestop
125,l47_319,FPReg,0.13127090301003344,c2,onestop
125,l47_319,skip,0.5133779264214047,c2,onestop
126,l47_420,FPReg,0.16952789699570817,c1,onestop
126,l47_420,skip,0.3834048640915594,c1,onestop
126,l47_420,FPReg,0.21816881258941345,c2,onestop
126,l47_420,skip,0.2503576537911302,c2,onestop
127,l48_140,FPReg,0.0905861456483126,c1,onestop
127,l48_140,skip,0.6119005328596803,c1,onestop
127,l48_140,FPReg,0.14031971580817051,c2,onestop
127,l48_140,skip,0.4733570159857904,c2,onestop
128,l48_421,FPReg,0.09020217729393468,c1,onestop
128,l48_421,skip,0.4494556765163297,c1,onestop
128,l48_421,FPReg,0.12363919129082426,c2,onestop
128,l48_421,skip,0.33825816485225507,c2,onestop
129,l48_535,FPReg,0.03306523681858802,c1,onestop
129,l48_535,skip,0.6014298480786416,c1,onestop
129,l48_535,FPReg,0.03842716711349419,c2,onestop
129,l48_535,skip,0.5549597855227882,c2,onestop
130,l49_143,FPReg,0.09881422924901186,c1,onestop
130,l49_143,skip,0.4980237154150198,c1,onestop
130,l49_143,FPReg,0.1907114624505929,c2,onestop
130,l49_143,skip,0.17094861660079053,c2,onestop
131,l49_424,FPReg,0.05278592375366569,c1,onestop
131,l49_424,skip,0.41348973607038125,c1,onestop
131,l49_424,FPReg,0.06598240469208211,c2,onestop
131,l49_424,skip,0.2837243401759531,c2,onestop
132,l49_471,FPReg,0.06526104417670683,c1,onestop
132,l49_471,skip,0.5903614457831325,c1,onestop
132,l49_471,FPReg,0.11646586345381527,c2,onestop
132,l49_471,skip,0.4066265060240964,c2,onestop
133,l5_179,FPReg,0.08645833333333333,c1,onestop
133,l5_179,skip,0.41770833333333335,c1,onestop
133,l5_179,FPReg,0.14583333333333334,c2,onestop
133,l5_179,skip,0.30833333333333335,c2,onestop
134,l5_332,FPReg,0.07449392712550608,c1,onestop
134,l5_332,skip,0.3991902834008097,c1,onestop
134,l5_332,FPReg,0.0728744939271255,c2,onestop
134,l5_332,skip,0.39190283400809717,c2,onestop
135,l5_82,FPReg,0.044193216855087356,c1,onestop
135,l5_82,skip,0.6947584789311408,c1,onestop
135,l5_82,FPReg,0.040082219938335044,c2,onestop
135,l5_82,skip,0.6618705035971223,c2,onestop
136,l50_145,FPReg,0.045037531276063386,c1,onestop
136,l50_145,skip,0.6939115929941618,c1,onestop
136,l50_145,FPReg,0.09674728940783987,c2,onestop
136,l50_145,skip,0.42368640533778146,c2,onestop
137,l50_425,FPReg,0.12591389114541024,c1,onestop
137,l50_425,skip,0.2794476035743298,c1,onestop
137,l50_425,FPReg,0.11454102355808286,c2,onestop
137,l50_425,skip,0.26320064987814784,c2,onestop
138,l50_472,FPReg,0.07096774193548387,c1,onestop
138,l50_472,skip,0.39262672811059907,c1,onestop
138,l50_472,FPReg,0.0663594470046083,c2,onestop
138,l50_472,skip,0.37695852534562213,c2,onestop
139,l51_147,FPReg,0.05150214592274678,c1,onestop
139,l51_147,skip,0.5407725321888412,c1,onestop
139,l51_147,FPReg,0.06437768240343347,c2,onestop
139,l51_147,skip,0.47124463519313303,c2,onestop
140,l51_429,FPReg,0.1198443579766537,c1,onestop
140,l51_429,skip,0.35175097276264594,c1,onestop
140,l51_429,FPReg,0.1556420233463035,c2,onestop
140,l51_429,skip,0.2614785992217899,c2,onestop
141,l51_475,FPReg,0.1305699481865285,c1,onestop
141,l51_475,skip,0.3689119170984456,c1,onestop
141,l51_475,FPReg,0.14404145077720207,c2,onestop
141,l51_475,skip,0.29740932642487045,c2,onestop
142,l52_149,FPReg,0.04218362282878412,c1,onestop
142,l52_149,skip,0.6790736145574855,c1,onestop
142,l52_149,FPReg,0.0794044665012407,c2,onestop
142,l52_149,skip,0.5070306038047974,c2,onestop
143,l52_430,FPReg,0.05555555555555555,c1,onestop
143,l52_430,skip,0.3732638888888889,c1,onestop
143,l52_430,FPReg,0.0876736111111111,c2,onestop
143,l52_430,skip,0.2855902777777778,c2,onestop
144,l52_477,FPReg,0.04801829268292683,c1,onestop
144,l52_477,skip,0.6730182926829268,c1,onestop
144,l52_477,FPReg,0.06554878048780488,c2,onestop
144,l52_477,skip,0.5670731707317073,c2,onestop
145,l53_150,FPReg,0.10566356720202874,c1,onestop
145,l53_150,skip,0.49281487743026203,c1,onestop
145,l53_150,FPReg,0.1132713440405748,c2,onestop
145,l53_150,skip,0.44716821639898563,c2,onestop
146,l53_432,FPReg,0.10837765957446809,c1,onestop
146,l53_432,skip,0.3863031914893617,c1,onestop
146,l53_432,FPReg,0.10039893617021277,c2,onestop
146,l53_432,skip,0.32313829787234044,c2,onestop
147,l53_478,FPReg,0.04439252336448598,c1,onestop
147,l53_478,skip,0.5973520249221184,c1,onestop
147,l53_478,FPReg,0.06074766355140187,c2,onestop
147,l53_478,skip,0.4945482866043614,c2,onestop
148,l54_151,FPReg,0.022847100175746926,c1,onestop
148,l54_151,skip,0.7495606326889279,c1,onestop
148,l54_151,FPReg,0.11159929701230228,c2,onestop
148,l54_151,skip,0.28471001757469244,c2,onestop
149,l54_479,FPReg,0.05145929339477726,c1,onestop
149,l54_479,skip,0.5291858678955453,c1,onestop
149,l54_479,FPReg,0.07450076804915515,c2,onestop
149,l54_479,skip,0.3824884792626728,c2,onestop
150,l54_516,FPReg,0.05266711681296422,c1,onestop
150,l54_516,skip,0.5496286293045239,c1,onestop
150,l54_516,FPReg,0.08575286968264687,c2,onestop
150,l54_516,skip,0.4449696151249156,c2,onestop
151,l55_157,FPReg,0.052244897959183675,c1,onestop
151,l55_157,skip,0.6669387755102041,c1,onestop
151,l55_157,FPReg,0.11591836734693878,c2,onestop
151,l55_157,skip,0.4489795918367347,c2,onestop
152,l55_437,FPReg,0.0932277924362357,c1,onestop
152,l55_437,skip,0.51363236587511,c1,onestop
152,l55_437,FPReg,0.12752858399296393,c2,onestop
152,l55_437,skip,0.4291996481970097,c2,onestop
153,l55_519,FPReg,0.04864864864864865,c1,onestop
153,l55_519,skip,0.6965250965250965,c1,onestop
153,l55_519,FPReg,0.10193050193050193,c2,onestop
153,l55_519,skip,0.5343629343629344,c2,onestop
154,l56_159,FPReg,0.07197943444730077,c1,onestop
154,l56_159,skip,0.48671808054841476,c1,onestop
154,l56_159,FPReg,0.11568123393316196,c2,onestop
154,l56_159,skip,0.2622107969151671,c2,onestop
155,l56_438,FPReg,0.07196261682242991,c1,onestop
155,l56_438,skip,0.5953271028037384,c1,onestop
155,l56_438,FPReg,0.08971962616822429,c2,onestop
155,l56_438,skip,0.4869158878504673,c2,onestop
156,l56_481,FPReg,0.09557109557109557,c1,onestop
156,l56_481,skip,0.54001554001554,c1,onestop
156,l56_481,FPReg,0.1554001554001554,c2,onestop
156,l56_481,skip,0.3434343434343434,c2,onestop
157,l57_170,FPReg,0.07105538140020899,c1,onestop
157,l57_170,skip,0.4200626959247649,c1,onestop
157,l57_170,FPReg,0.08881922675026123,c2,onestop
157,l57_170,skip,0.2998955067920585,c2,onestop
158,l57_2095,FPReg,0.07818532818532818,c1,onestop
158,l57_2095,skip,0.3532818532818533,c1,onestop
158,l57_2095,FPReg,0.10714285714285714,c2,onestop
158,l57_2095,skip,0.33976833976833976,c2,onestop
159,l57_463,FPReg,0.04226267880364109,c1,onestop
159,l57_463,skip,0.7074122236671001,c1,onestop
159,l57_463,FPReg,0.07867360208062418,c2,onestop
159,l57_463,skip,0.476592977893368,c2,onestop
160,l58_177,FPReg,0.08709422011084719,c1,onestop
160,l58_177,skip,0.3903404592240697,c1,onestop
160,l58_177,FPReg,0.10372129849564529,c2,onestop
160,l58_177,skip,0.38796516231195566,c2,onestop
161,l58_466,FPReg,0.09578207381370826,c1,onestop
161,l58_466,skip,0.3602811950790861,c1,onestop
161,l58_466,FPReg,0.11335676625659051,c2,onestop
161,l58_466,skip,0.3224956063268893,c2,onestop
162,l58_483,FPReg,0.08801341156747695,c1,onestop
162,l58_483,skip,0.48030176026823135,c1,onestop
162,l58_483,FPReg,0.1399832355406538,c2,onestop
162,l58_483,skip,0.2129086336965633,c2,onestop
163,l59_293,FPReg,0.09538461538461539,c1,onestop
163,l59_293,skip,0.5158974358974359,c1,onestop
163,l59_293,FPReg,0.16512820512820514,c2,onestop
163,l59_293,skip,0.32205128205128203,c2,onestop
164,l59_485,FPReg,0.04284412032816773,c1,onestop
164,l59_485,skip,0.7429352780309936,c1,onestop
164,l59_485,FPReg,0.1203281677301732,c2,onestop
164,l59_485,skip,0.41294439380127623,c2,onestop
165,l59_546,FPReg,0.15016501650165018,c1,onestop
165,l59_546,skip,0.3952145214521452,c1,onestop
165,l59_546,FPReg,0.22607260726072606,c2,onestop
165,l59_546,skip,0.2466996699669967,c2,onestop
166,l6_187,FPReg,0.10130468150422103,c1,onestop
166,l6_187,skip,0.328472755180353,c1,onestop
166,l6_187,FPReg,0.12663085188027629,c2,onestop
166,l6_187,skip,0.23944742900997698,c2,onestop
167,l6_329,FPReg,0.07057949479940565,c1,onestop
167,l6_329,skip,0.5260029717682021,c1,onestop
167,l6_329,FPReg,0.10401188707280833,c2,onestop
167,l6_329,skip,0.2555720653789004,c2,onestop
168,l6_83,FPReg,0.05439709882139619,c1,onestop
168,l6_83,skip,0.47053490480507704,c1,onestop
168,l6_83,FPReg,0.08975521305530372,c2,onestop
168,l6_83,skip,0.31640979147778786,c2,onestop
169,l60_190,FPReg,0.05,c1,onestop
169,l60_190,skip,0.2630769230769231,c1,onestop
169,l60_190,FPReg,0.09153846153846154,c2,onestop
169,l60_190,skip,0.1753846153846154,c2,onestop
170,l60_492,FPReg,0.10871602624179943,c1,onestop
170,l60_492,skip,0.4732895970009372,c1,onestop
170,l60_492,FPReg,0.15182755388940955,c2,onestop
170,l60_492,skip,0.3655107778819119,c2,onestop
171,l60_518,FPReg,0.10570469798657718,c1,onestop
171,l60_518,skip,0.46057046979865773,c1,onestop
171,l60_518,FPReg,0.13842281879194632,c2,onestop
171,l60_518,skip,0.35822147651006714,c2,onestop
172,l7_199,FPReg,0.05817174515235457,c1,onestop
172,l7_199,skip,0.5023084025854109,c1,onestop
172,l7_199,FPReg,0.08494921514312095,c2,onestop
172,l7_199,skip,0.3656509695290859,c2,onestop
173,l7_267,FPReg,0.05652173913043478,c1,onestop
173,l7_267,skip,0.7052173913043478,c1,onestop
173,l7_267,FPReg,0.08782608695652173,c2,onestop
173,l7_267,skip,0.5826086956521739,c2,onestop
174,l7_336,FPReg,0.08059981255857544,c1,onestop
174,l7_336,skip,0.49765698219306465,c1,onestop
174,l7_336,FPReg,0.10309278350515463,c2,onestop
174,l7_336,skip,0.4245548266166823,c2,onestop
175,l8_200,FPReg,0.06698564593301436,c1,onestop
175,l8_200,skip,0.45534290271132377,c1,onestop
175,l8_200,FPReg,0.09250398724082935,c2,onestop
175,l8_200,skip,0.30462519936204147,c2,onestop
176,l8_268,FPReg,0.06683375104427736,c1,onestop
176,l8_268,skip,0.49373433583959897,c1,onestop
176,l8_268,FPReg,0.07184628237259816,c2,onestop
176,l8_268,skip,0.42105263157894735,c2,onestop
177,l8_339,FPReg,0.08588957055214724,c1,onestop
177,l8_339,skip,0.44609991235758106,c1,onestop
177,l8_339,FPReg,0.13058720420683612,c2,onestop
177,l8_339,skip,0.35056967572305,c2,onestop
178,l9_201,FPReg,0.07530120481927711,c1,onestop
178,l9_201,skip,0.46184738955823296,c1,onestop
178,l9_201,FPReg,0.12048192771084337,c2,onestop
178,l9_201,skip,0.3353413654618474,c2,onestop
179,l9_340,FPReg,0.05128205128205128,c1,onestop
179,l9_340,skip,0.6051282051282051,c1,onestop
179,l9_340,FPReg,0.07472527472527472,c2,onestop
179,l9_340,skip,0.47985347985347987,c2,onestop
180,l9_491,FPReg,0.06225296442687747,c1,onestop
180,l9_491,skip,0.6116600790513834,c1,onestop
180,l9_491,FPReg,0.08399209486166008,c2,onestop
180,l9_491,skip,0.5197628458498024,c2,onestop
1,s0,FPReg,0.11745689655172414,c1,potec
1,s0,skip,0.16918103448275862,c1,potec
1,s0,FPReg,0.1419491525423729,c2,potec
1,s0,skip,0.1430084745762712,c2,potec
2,s1,FPReg,0.2941810344827586,c1,potec
2,s1,skip,0.08081896551724138,c1,potec
2,s1,FPReg,0.2669491525423729,c2,potec
2,s1,skip,0.09004237288135593,c2,potec
3,s2,FPReg,0.17672413793103448,c1,potec
3,s2,skip,0.10991379310344827,c1,potec
3,s2,FPReg,0.17478813559322035,c2,potec
3,s2,skip,0.1038135593220339,c2,potec
4,s3,FPReg,0.08620689655172414,c1,potec
4,s3,skip,0.1627155172413793,c1,potec
4,s3,FPReg,0.08898305084745763,c2,potec
4,s3,skip,0.08792372881355932,c2,potec
5,s4,FPReg,0.13577586206896552,c1,potec
5,s4,skip,0.19504310344827586,c1,potec
5,s4,FPReg,0.13453389830508475,c2,potec
5,s4,skip,0.1853813559322034,c2,potec
6,s5,FPReg,0.20474137931034483,c1,potec
6,s5,skip,0.06465517241379311,c1,potec
6,s5,FPReg,0.1663135593220339,c2,potec
6,s5,skip,0.06779661016949153,c2,potec
7,s6,FPReg,0.16702586206896552,c1,potec
7,s6,skip,0.10021551724137931,c1,potec
7,s6,FPReg,0.149364406779661,c2,potec
7,s6,skip,0.07521186440677965,c2,potec
8,s7,FPReg,0.22413793103448276,c1,potec
8,s7,skip,0.05172413793103448,c1,potec
8,s7,FPReg,0.19597457627118645,c2,potec
8,s7,skip,0.09216101694915255,c2,potec
9,s8,FPReg,0.21982758620689655,c1,potec
9,s8,skip,0.07219827586206896,c1,potec
9,s8,FPReg,0.20233050847457626,c2,potec
9,s8,skip,0.0614406779661017,c2,potec
10,s10,FPReg,0.22629310344827586,c1,potec
10,s10,skip,0.08081896551724138,c1,potec
10,s10,FPReg,0.2330508474576271,c2,potec
10,s10,skip,0.0646186440677966,c2,potec
11,s12,FPReg,0.1648706896551724,c1,potec
11,s12,skip,0.14655172413793102,c1,potec
11,s12,FPReg,0.1461864406779661,c2,potec
11,s12,skip,0.125,c2,potec
12,s13,FPReg,0.2790948275862069,c1,potec
12,s13,skip,0.05818965517241379,c1,potec
12,s13,FPReg,0.23834745762711865,c2,potec
12,s13,skip,0.0646186440677966,c2,potec
13,s14,FPReg,0.1627155172413793,c1,potec
13,s14,skip,0.032327586206896554,c1,potec
13,s14,FPReg,0.17266949152542374,c2,potec
13,s14,skip,0.019067796610169493,c2,potec
14,s15,FPReg,0.20043103448275862,c1,potec
14,s15,skip,0.07112068965517242,c1,potec
14,s15,FPReg,0.10911016949152542,c2,potec
14,s15,skip,0.0815677966101695,c2,potec
15,s16,FPReg,0.12176724137931035,c1,potec
15,s16,skip,0.13900862068965517,c1,potec
15,s16,FPReg,0.13029661016949154,c2,potec
15,s16,skip,0.11334745762711865,c2,potec
16,s17,FPReg,0.16918103448275862,c1,potec
16,s17,skip,0.09482758620689655,c1,potec
16,s17,FPReg,0.1461864406779661,c2,potec
16,s17,skip,0.1016949152542373,c2,potec
17,s18,FPReg,0.09375,c1,potec
17,s18,skip,0.10237068965517242,c1,potec
17,s18,FPReg,0.11440677966101695,c2,potec
17,s18,skip,0.07627118644067797,c2,potec
18,s19,FPReg,0.1627155172413793,c1,potec
18,s19,skip,0.10344827586206896,c1,potec
18,s19,FPReg,0.1440677966101695,c2,potec
18,s19,skip,0.05296610169491525,c2,potec
19,s20,FPReg,0.1724137931034483,c1,potec
19,s20,skip,0.008620689655172414,c1,potec
19,s20,FPReg,0.1483050847457627,c2,potec
19,s20,skip,0.0211864406779661,c2,potec
20,s22,FPReg,0.12176724137931035,c1,potec
20,s22,skip,0.08405172413793104,c1,potec
20,s22,FPReg,0.09745762711864407,c2,potec
20,s22,skip,0.09110169491525423,c2,potec
21,s23,FPReg,0.1476293103448276,c1,potec
21,s23,skip,0.10560344827586207,c1,potec
21,s23,FPReg,0.16101694915254236,c2,potec
21,s23,skip,0.05614406779661017,c2,potec
22,s30,FPReg,0.15193965517241378,c1,potec
22,s30,skip,0.06573275862068965,c1,potec
22,s30,FPReg,0.15254237288135594,c2,potec
22,s30,skip,0.06991525423728813,c2,potec
23,s31,FPReg,0.17349137931034483,c1,potec
23,s31,skip,0.08512931034482758,c1,potec
23,s31,FPReg,0.17478813559322035,c2,potec
23,s31,skip,0.0858050847457627,c2,potec
24,s32,FPReg,0.20797413793103448,c1,potec
24,s32,skip,0.08620689655172414,c1,potec
24,s32,FPReg,0.2065677966101695,c2,potec
24,s32,skip,0.05508474576271186,c2,potec
25,s34,FPReg,0.125,c1,potec
25,s34,skip,0.08081896551724138,c1,potec
25,s34,FPReg,0.17372881355932204,c2,potec
25,s34,skip,0.04978813559322034,c2,potec
26,s35,FPReg,0.22413793103448276,c1,potec
26,s35,skip,0.11099137931034483,c1,potec
26,s35,FPReg,0.21610169491525424,c2,potec
26,s35,skip,0.09639830508474577,c2,potec
27,s36,FPReg,0.11314655172413793,c1,potec
27,s36,skip,0.19181034482758622,c1,potec
27,s36,FPReg,0.1016949152542373,c2,potec
27,s36,skip,0.23728813559322035,c2,potec
28,s37,FPReg,0.17672413793103448,c1,potec
28,s37,skip,0.15193965517241378,c1,potec
28,s37,FPReg,0.18114406779661016,c2,potec
28,s37,skip,0.15254237288135594,c2,potec
29,s38,FPReg,0.27370689655172414,c1,potec
29,s38,skip,0.05603448275862069,c1,potec
29,s38,FPReg,0.2584745762711864,c2,potec
29,s38,skip,0.06779661016949153,c2,potec
30,s39,FPReg,0.13793103448275862,c1,potec
30,s39,skip,0.07650862068965517,c1,potec
30,s39,FPReg,0.16101694915254236,c2,potec
30,s39,skip,0.0858050847457627,c2,potec
31,s40,FPReg,0.1788793103448276,c1,potec
31,s40,skip,0.07435344827586207,c1,potec
31,s40,FPReg,0.2298728813559322,c2,potec
31,s40,skip,0.07733050847457627,c2,potec
32,s41,FPReg,0.19181034482758622,c1,potec
32,s41,skip,0.13577586206896552,c1,potec
32,s41,FPReg,0.15995762711864406,c2,potec
32,s41,skip,0.09851694915254237,c2,potec
33,s60,FPReg,0.09004237288135593,c1,potec
33,s60,skip,0.09427966101694915,c1,potec
33,s60,FPReg,0.10991379310344827,c2,potec
33,s60,skip,0.052801724137931036,c2,potec
34,s61,FPReg,0.17796610169491525,c1,potec
34,s61,skip,0.0836864406779661,c1,potec
34,s61,FPReg,0.1713362068965517,c2,potec
34,s61,skip,0.07435344827586207,c2,potec
35,s62,FPReg,0.11970338983050847,c1,potec
35,s62,skip,0.1281779661016949,c1,potec
35,s62,FPReg,0.12931034482758622,c2,potec
35,s62,skip,0.07758620689655173,c2,potec
36,s63,FPReg,0.048728813559322036,c1,potec
36,s63,skip,0.1843220338983051,c1,potec
36,s63,FPReg,0.06465517241379311,c2,potec
36,s63,skip,0.10560344827586207,c2,potec
37,s64,FPReg,0.2860169491525424,c1,potec
37,s64,skip,0.1059322033898305,c1,potec
37,s64,FPReg,0.30387931034482757,c2,potec
37,s64,skip,0.09267241379310345,c2,potec
38,s65,FPReg,0.15572033898305085,c1,potec
38,s65,skip,0.07521186440677965,c1,potec
38,s65,FPReg,0.1875,c2,potec
38,s65,skip,0.05064655172413793,c2,potec
39,s66,FPReg,0.05402542372881356,c1,potec
39,s66,skip,0.2563559322033898,c1,potec
39,s66,FPReg,0.04310344827586207,c2,potec
39,s66,skip,0.2629310344827586,c2,potec
40,s67,FPReg,0.1483050847457627,c1,potec
40,s67,skip,0.13983050847457626,c1,potec
40,s67,FPReg,0.15625,c2,potec
40,s67,skip,0.13038793103448276,c2,potec
41,s68,FPReg,0.1716101694915254,c1,potec
41,s68,skip,0.07309322033898305,c1,potec
41,s68,FPReg,0.20797413793103448,c2,potec
41,s68,skip,0.04202586206896552,c2,potec
42,s69,FPReg,0.15466101694915255,c1,potec
42,s69,skip,0.0423728813559322,c1,potec
42,s69,FPReg,0.16056034482758622,c2,potec
42,s69,skip,0.021551724137931036,c2,potec
43,s70,FPReg,0.10805084745762712,c1,potec
43,s70,skip,0.19385593220338984,c1,potec
43,s70,FPReg,0.12176724137931035,c2,potec
43,s70,skip,0.16810344827586207,c2,potec
44,s71,FPReg,0.2309322033898305,c1,potec
44,s71,skip,0.17796610169491525,c1,potec
44,s71,FPReg,0.2952586206896552,c2,potec
44,s71,skip,0.10344827586206896,c2,potec
45,s72,FPReg,0.17584745762711865,c1,potec
45,s72,skip,0.06673728813559322,c1,potec
45,s72,FPReg,0.15517241379310345,c2,potec
45,s72,skip,0.05818965517241379,c2,potec
46,s73,FPReg,0.24046610169491525,c1,potec
46,s73,skip,0.048728813559322036,c1,potec
46,s73,FPReg,0.20043103448275862,c2,potec
46,s73,skip,0.028017241379310345,c2,potec
47,s74,FPReg,0.1896186440677966,c1,potec
47,s74,skip,0.1016949152542373,c1,potec
47,s74,FPReg,0.2165948275862069,c2,potec
47,s74,skip,0.10021551724137931,c2,potec
48,s75,FPReg,0.2044491525423729,c1,potec
48,s75,skip,0.1896186440677966,c1,potec
48,s75,FPReg,0.2543103448275862,c2,potec
48,s75,skip,0.11745689655172414,c2,potec
49,s76,FPReg,0.1461864406779661,c1,potec
49,s76,skip,0.1694915254237288,c1,potec
49,s76,FPReg,0.1584051724137931,c2,potec
49,s76,skip,0.12607758620689655,c2,potec
50,s77,FPReg,0.1864406779661017,c1,potec
50,s77,skip,0.07203389830508475,c1,potec
50,s77,FPReg,0.19288793103448276,c2,potec
50,s77,skip,0.04418103448275862,c2,potec
51,s78,FPReg,0.211864406779661,c1,potec
51,s78,skip,0.15995762711864406,c1,potec
51,s78,FPReg,0.23814655172413793,c2,potec
51,s78,skip,0.10021551724137931,c2,potec
52,s79,FPReg,0.13241525423728814,c1,potec
52,s79,skip,0.09004237288135593,c1,potec
52,s79,FPReg,0.14331896551724138,c2,potec
52,s79,skip,0.07219827586206896,c2,potec
53,s80,FPReg,0.06885593220338983,c1,potec
53,s80,skip,0.06779661016949153,c1,potec
53,s80,FPReg,0.057112068965517244,c2,potec
53,s80,skip,0.04956896551724138,c2,potec
54,s81,FPReg,0.15783898305084745,c1,potec
54,s81,skip,0.06991525423728813,c1,potec
54,s81,FPReg,0.19719827586206898,c2,potec
54,s81,skip,0.0334051724137931,c2,potec
55,s82,FPReg,0.19597457627118645,c1,potec
55,s82,skip,0.11016949152542373,c1,potec
55,s82,FPReg,0.23168103448275862,c2,potec
55,s82,skip,0.05172413793103448,c2,potec
56,s83,FPReg,0.09957627118644068,c1,potec
56,s83,skip,0.0847457627118644,c1,potec
56,s83,FPReg,0.10883620689655173,c2,potec
56,s83,skip,0.04418103448275862,c2,potec
57,s84,FPReg,0.07097457627118645,c1,potec
57,s84,skip,0.1228813559322034,c1,potec
57,s84,FPReg,0.09267241379310345,c2,potec
57,s84,skip,0.08081896551724138,c2,potec
58,s85,FPReg,0.11864406779661017,c1,potec
58,s85,skip,0.2955508474576271,c1,potec
58,s85,FPReg,0.13577586206896552,c2,potec
58,s85,skip,0.15301724137931033,c2,potec
59,s87,FPReg,0.13559322033898305,c1,potec
59,s87,skip,0.1504237288135593,c1,potec
59,s87,FPReg,0.14331896551724138,c2,potec
59,s87,skip,0.13793103448275862,c2,potec
60,s90,FPReg,0.3305084745762712,c1,potec
60,s90,skip,0.07097457627118645,c1,potec
60,s90,FPReg,0.3125,c2,potec
60,s90,skip,0.05064655172413793,c2,potec
61,s91,FPReg,0.11122881355932203,c1,potec
61,s91,skip,0.11228813559322035,c1,potec
61,s91,FPReg,0.1336206896551724,c2,potec
61,s91,skip,0.09375,c2,potec
62,s92,FPReg,0.1504237288135593,c1,potec
62,s92,skip,0.19597457627118645,c1,potec
62,s92,FPReg,0.15625,c2,potec
62,s92,skip,0.15086206896551724,c2,potec
63,s93,FPReg,0.1228813559322034,c1,potec
63,s93,skip,0.13453389830508475,c1,potec
63,s93,FPReg,0.11745689655172414,c2,potec
63,s93,skip,0.10452586206896551,c2,potec
64,s94,FPReg,0.1027542372881356,c1,potec
64,s94,skip,0.09957627118644068,c1,potec
64,s94,FPReg,0.10452586206896551,c2,potec
64,s94,skip,0.08728448275862069,c2,potec
65,s95,FPReg,0.1663135593220339,c1,potec
65,s95,skip,0.024364406779661018,c1,potec
65,s95,FPReg,0.1896551724137931,c2,potec
65,s95,skip,0.020474137931034482,c2,potec
66,s96,FPReg,0.1906779661016949,c1,potec
66,s96,skip,0.02754237288135593,c1,potec
66,s96,FPReg,0.1853448275862069,c2,potec
66,s96,skip,0.014008620689655173,c2,potec
67,s97,FPReg,0.1440677966101695,c1,potec
67,s97,skip,0.2065677966101695,c1,potec
67,s97,FPReg,0.1497844827586207,c2,potec
67,s97,skip,0.19935344827586207,c2,potec
68,s98,FPReg,0.12182203389830508,c1,potec
68,s98,skip,0.1038135593220339,c1,potec
68,s98,FPReg,0.10991379310344827,c2,potec
68,s98,skip,0.07219827586206896,c2,potec
69,s99,FPReg,0.211864406779661,c1,potec
69,s99,skip,0.0826271186440678,c1,potec
69,s99,FPReg,0.22198275862068967,c2,potec
69,s99,skip,0.057112068965517244,c2,potec
70,s100,FPReg,0.13877118644067796,c1,potec
70,s100,skip,0.15677966101694915,c1,potec
70,s100,FPReg,0.1497844827586207,c2,potec
70,s100,skip,0.11961206896551724,c2,potec
71,s101,FPReg,0.08050847457627118,c1,potec
71,s101,skip,0.18114406779661016,c1,potec
71,s101,FPReg,0.08728448275862069,c2,potec
71,s101,skip,0.15625,c2,potec
72,s102,FPReg,0.1896186440677966,c1,potec
72,s102,skip,0.08898305084745763,c1,potec
72,s102,FPReg,0.17349137931034483,c2,potec
72,s102,skip,0.09267241379310345,c2,potec
73,s103,FPReg,0.15889830508474576,c1,potec
73,s103,skip,0.09745762711864407,c1,potec
73,s103,FPReg,0.13254310344827586,c2,potec
73,s103,skip,0.057112068965517244,c2,potec
74,s104,FPReg,0.15677966101694915,c1,potec
74,s104,skip,0.17478813559322035,c1,potec
74,s104,FPReg,0.16379310344827586,c2,potec
74,s104,skip,0.125,c2,potec
75,s105,FPReg,0.1048728813559322,c1,potec
75,s105,skip,0.07415254237288135,c1,potec
75,s105,FPReg,0.11530172413793104,c2,potec
75,s105,skip,0.04525862068965517,c2,potec
