mode,Contrast,effect,mean,sd,n,p_value
InDiCo,c1,Word Length,0.0013416186039614416,0.027720494265489014,63,0.06447960227054944
InDiCo,c1,Lexical Frequency,-2.217393149801563e-4,0.015599002719858623,63,0.15838391352715797
InDiCo,c1,Surprisal,-5.961339049489409e-4,0.009784528061649391,63,0.12671196144860833
InDiCo,c2,Word Length,-0.003590782656456026,0.02471462742133846,63,0.06447960227054944
InDiCo,c2,Lexical Frequency,0.0025262061145711425,0.018638912945073225,63,0.15838391352715797
InDiCo,c2,Surprisal,6.830558443279086e-4,0.005443045885175404,63,0.12671196144860833
PoTeC,c1,Word Length,-8.019623693593506e-4,0.01477818047105993,75,0.026259749946203795
PoTeC,c1,Lexical Frequency,-6.094617396603949e-4,0.013850770990177808,75,0.2671684667699956
PoTeC,c1,Surprisal,-9.562936217569386e-4,0.006067806410212421,75,0.2552383371998172
PoTeC,c2,Word Length,0.0012500391156902736,0.015398696995103224,75,0.026259749946203795
PoTeC,c2,Lexical Frequency,0.0010118527304924724,0.02143652554362718,75,0.2671684667699956
PoTeC,c2,Surprisal,2.4128092558401283e-4,0.004979881805712563,75,0.2552383371998172
OneStop,c1,Word Length,4.349463608248626e-4,0.00810778610715815,180,0.03323601208839184
OneStop,c1,Lexical Frequency,7.96312761229978e-4,0.005385968778243927,180,0.9907215662580936
OneStop,c1,Surprisal,-2.896183381129111e-4,0.002074030000036413,180,1.581233699962027e-4
OneStop,c2,Word Length,-7.421098089287673e-4,0.009661990989891015,180,0.03323601208839184
OneStop,c2,Lexical Frequency,7.923622840254958e-4,0.003387774906532464,180,0.9907215662580936
OneStop,c2,Surprisal,7.481909157558678e-4,0.003975505226784611,180,1.581233699962027e-4
GECO-NL,c1,Word Length,0.005741148414539381,0.022339335883534737,18,0.02295191002752444
GECO-NL,c1,Lexical Frequency,0.002377079873580794,0.011107253863935995,18,0.018849615253685018
GECO-NL,c1,Surprisal,7.515910929224022e-4,0.003876398080332123,18,0.022013829525569642
GECO-NL,c2,Word Length,-0.0018380803216550205,0.02346064376336276,19,0.02295191002752444
GECO-NL,c2,Lexical Frequency,-0.00811091937105927,0.014863372334709697,19,0.018849615253685018
GECO-NL,c2,Surprisal,-0.0028072197360149522,0.008352681659247107,19,0.022013829525569642
GECO-ZH,c1,Word Length,0.024830677326168712,0.021754383410736555,30,3.393582408258846e-8
GECO-ZH,c1,Lexical Frequency,0.017148702781232754,0.010058536993428945,30,2.2772589115209648e-10
GECO-ZH,c1,Surprisal,0.0022961110957480753,0.0030491200640482834,30,4.576280919762642e-5
GECO-ZH,c2,Word Length,-0.003964483236084745,0.007409861049939543,30,3.393582408258846e-8
GECO-ZH,c2,Lexical Frequency,-0.005789178615968593,0.0068186164723350925,30,2.2772589115209648e-10
GECO-ZH,c2,Surprisal,-5.155161635540259e-4,0.0017476179083291176,30,4.576280919762642e-5
HKC,c1,Word Length,-4.772627140481751e-5,4.746002176635489e-4,98,0.0036206156995835905
HKC,c1,Lexical Frequency,5.784229340634928e-4,0.005145417588814573,98,3.107696488077761e-4
HKC,c1,Surprisal,0.001338131705700331,0.006113495609082514,98,0.18180236784680112
HKC,c2,Word Length,0.0021803308455717444,0.007509699100708441,98,0.0036206156995835905
HKC,c2,Lexical Frequency,-0.0016987986674488885,0.007850978207397608,98,3.107696488077761e-4
HKC,c2,Surprisal,0.003253634302392446,0.015377374307721675,98,0.18180236784680112
